/*

Greenplum - 4.3.10 : Database - xk
*********************************************************************
*/



/*Data for the table xk_app_application */



INSERT  INTO xk_app_application(id,appcode,appname,apptype,isopen,opendate,url,appdesc,maintenance,manarole,demo,iniwp,intaskcenter,ipaddr,ipport,tenant_id,protocol_type,del_flag,createuser,createtime,lastchangeuser,lastchangetime,memo,datastatus,f1,f2,f3,f4,f5) VALUES ('1','BASE','XKES基础应用框架',NULL,NULL,NULL,NULL,NULL,NULL,NULL,NULL,NULL,NULL,NULL,NULL,'1',NULL,0,NULL,NULL,NULL,NULL,NULL,0,NULL,NULL,NULL,NULL,NULL);



/*Data for the table xk_app_funcgroup */



INSERT  INTO xk_app_funcgroup(id,groupno,funcgroupname,grouplevel,funcgroupseq,isleaf,subcount,app_id,tenant_id,parentid,del_flag,createuser,createtime,lastchangeuser,lastchangetime,memo,datastatus,f1,f2,f3,f4,f5) VALUES ('1','1','应用功能管理',0,'.1.','n','1',NULL,'1','0',0,'sysadmin','2017-05-16 09:23:39','admin','2017-05-16 09:23:39',NULL,0,NULL,NULL,NULL,NULL,NULL),('2','2','菜单管理',1,'.2.','n','1',NULL,'1','0',0,'sysadmin','2017-05-16 09:23:39',NULL,NULL,NULL,0,NULL,NULL,NULL,NULL,NULL),('3','3','授权管理',1,'.3.','n','1',NULL,'1','0',0,'sysadmin','2017-05-16 09:23:39',NULL,NULL,NULL,0,NULL,NULL,NULL,NULL,NULL),('402886175cd3ce2c015cd3e58ab50000','100','系统设置',NULL,NULL,NULL,'1',NULL,'1','0',0,'sysadmin','2017-06-23 15:40:54',NULL,NULL,NULL,0,NULL,NULL,NULL,NULL,NULL),('5','5','用户管理',1,'.5.','n','1',NULL,'1','0',0,'sysadmin','2017-05-16 09:23:39',NULL,NULL,NULL,0,NULL,NULL,NULL,NULL,NULL),('6','6','组织机构管理',1,'.6.','n','1',NULL,'1','0',0,'sysadmin','2017-05-16 09:23:39',NULL,NULL,NULL,0,NULL,NULL,NULL,NULL,NULL),('7','7','工作流程',1,'.7.','n','1',NULL,'1','0',0,'sysadmin','2017-05-16 09:23:39',NULL,NULL,NULL,0,NULL,NULL,NULL,NULL,NULL);



/*Data for the table xk_app_function */



INSERT  INTO xk_app_function(id,funccode,funcname,funcdesc,function_url,parainfo,ischeck,functype,elementid,ismenu,app_id,tenant_id,funcgroupid,del_flag,createuser,createtime,lastchangeuser,lastchangetime,memo,datastatus,f1,f2,f3,f4,f5) VALUES ('402886175c32cbcc015c32d6f6000002','org_position','机构岗位管理','','admin/pages/positionManager','',NULL,'PAGEVIEW','1','0',NULL,'1','6',0,'sysadmin','2017-05-23 09:06:07','sysadmin','2017-06-23 16:06:12','',0,'1',NULL,NULL,NULL,NULL),('402886175cd3ce2c015cd3e6695b0001','company_info','公司信息设置','','admin/pages/companyInfo','',NULL,'PAGEVIEW','1','0',NULL,'1','402886175cd3ce2c015cd3e58ab50000',0,'sysadmin','2017-06-23 15:41:51','sysadmin','2017-06-23 16:04:59','',0,'1',NULL,NULL,NULL,NULL),('402886175cd3ce2c015cd3e722750002','user_info_setting','个人信息设置','','admin/pages/myInfo','',NULL,'PAGEVIEW','1','0',NULL,'1','402886175cd3ce2c015cd3e58ab50000',0,'sysadmin','2017-06-23 15:42:39','sysadmin','2017-06-23 16:05:12','',0,'1',NULL,NULL,NULL,NULL),('access_rule','access_rule','访问规则',NULL,NULL,NULL,'1','PAGE',NULL,'1',NULL,'1','3',0,'sysadmin',NULL,NULL,NULL,NULL,NULL,NULL,NULL,NULL,NULL,NULL),('application_add','application_add','添加应用',NULL,NULL,NULL,'1','PAGE',NULL,'1',NULL,'1','1',0,'sysadmin',NULL,NULL,NULL,NULL,NULL,NULL,NULL,NULL,NULL,NULL),('application_edit','application_edit','修改应用',NULL,NULL,NULL,'1','PAGE',NULL,'1',NULL,'1','1',0,'sysadmin',NULL,NULL,NULL,NULL,NULL,NULL,NULL,NULL,NULL,NULL),('application_manage','application_manage','管理应用功能树','','admin/pages/functionManager','','1','PAGEVIEW','1','0',NULL,'1','1',0,'sysadmin',NULL,'sysadmin','2017-06-23 16:05:22','1',NULL,'1',NULL,NULL,NULL,NULL),('auth_graph','auth_graph','权限计算',NULL,NULL,NULL,'1','PAGE',NULL,'1',NULL,'1','6',0,'sysadmin',NULL,NULL,NULL,NULL,NULL,NULL,NULL,NULL,NULL,NULL),('dict_manager','dict_manager','业务字典管理','','admin/pages/dictManager','','1','PAGEVIEW','1','0',NULL,'1','3',0,'sysadmin',NULL,'sysadmin','2017-06-23 16:05:48','1',NULL,'1',NULL,NULL,NULL,NULL),('employee_add','employee_add','添加员工',NULL,NULL,NULL,'1','PAGE',NULL,'1',NULL,'1','6',0,'sysadmin',NULL,NULL,NULL,NULL,NULL,NULL,NULL,NULL,NULL,NULL),('employee_auth','employee_auth','人员授权',NULL,NULL,NULL,'1','PAGE',NULL,'1',NULL,'1','3',0,'sysadmin',NULL,NULL,NULL,NULL,NULL,NULL,NULL,NULL,NULL,NULL),('employee_update','employee_update','修改员工',NULL,NULL,NULL,'1','PAGE',NULL,'1',NULL,'1','6',0,'sysadmin',NULL,NULL,NULL,NULL,NULL,NULL,NULL,NULL,NULL,NULL),('funcgroup_add','funcgroup_add','添加功能组',NULL,NULL,NULL,'1','PAGE',NULL,'1',NULL,'1','1',0,'sysadmin',NULL,NULL,NULL,NULL,NULL,NULL,NULL,NULL,NULL,NULL),('funcgroup_edit','funcgroup_edit','修改功能组',NULL,NULL,NULL,'1','PAGE',NULL,'1',NULL,'1','1',0,'sysadmin',NULL,NULL,NULL,NULL,NULL,NULL,NULL,NULL,NULL,NULL),('function_add','function_add','添加功能',NULL,NULL,NULL,'1','PAGE',NULL,'1',NULL,'1','1',0,'sysadmin',NULL,NULL,NULL,NULL,NULL,NULL,NULL,NULL,NULL,NULL),('function_edit','function_edit','修改功能',NULL,NULL,NULL,'1','PAGE',NULL,'1',NULL,'1','1',0,'sysadmin',NULL,NULL,NULL,NULL,NULL,NULL,NULL,NULL,NULL,NULL),('function_role_auth','function_role_auth','功能授权','','admin/pages/roleauthManager','','1','PAGE',NULL,'1',NULL,'1','3',0,'sysadmin',NULL,'admin','2017-06-01 14:21:50',NULL,NULL,NULL,NULL,NULL,NULL,NULL),('groupTree','groupTree','工作组管理','','admin/pages/workGroupManager','','1','PAGEVIEW','1','0',NULL,'1','6',0,'sysadmin',NULL,'sysadmin','2017-06-23 16:06:25','',NULL,'1',NULL,NULL,NULL,NULL),('menu_add','menu_add','添加菜单',NULL,NULL,NULL,'1','PAGE',NULL,'1',NULL,'1','2',0,'sysadmin',NULL,NULL,NULL,NULL,NULL,NULL,NULL,NULL,NULL,NULL),('menu_edit','menu_edit','修改菜单','',NULL,'','1','BUTTON',NULL,'1',NULL,'1','2',0,'sysadmin',NULL,'admin','2017-05-16 09:22:54',NULL,NULL,NULL,NULL,NULL,NULL,NULL),('menu_manage','menu_manage','管理菜单树','','admin/pages/menuManager','','1','PAGEVIEW','1','1',NULL,'1','2',0,'sysadmin',NULL,'sysadmin','2017-06-23 16:05:33','1',NULL,'1',NULL,NULL,NULL,NULL),('my_process','my_process','我的流程',NULL,NULL,NULL,'1','PAGE',NULL,'1',NULL,'1','7',0,'sysadmin',NULL,NULL,NULL,NULL,NULL,NULL,NULL,NULL,NULL,NULL),('my_task','my_task','我的任务',NULL,NULL,NULL,'1','PAGE',NULL,'1',NULL,'1','7',0,'sysadmin',NULL,NULL,NULL,NULL,NULL,NULL,NULL,NULL,NULL,NULL),('org_add','org_add','添加机构',NULL,NULL,NULL,'1','PAGE',NULL,'1',NULL,'1','6',0,'sysadmin',NULL,NULL,NULL,NULL,NULL,NULL,NULL,NULL,NULL,NULL),('org_auth','org_auth','机构授权',NULL,NULL,NULL,'1','PAGE',NULL,'1',NULL,'1','3',0,'sysadmin',NULL,NULL,NULL,NULL,NULL,NULL,NULL,NULL,NULL,NULL),('org_tree','org_tree','管理机构树','','admin/pages/organizationManager','','1','PAGEVIEW','1','0',NULL,'1','6',0,'sysadmin',NULL,'sysadmin','2017-06-23 16:06:18','',NULL,'1',NULL,NULL,NULL,NULL),('org_update','org_update','修改机构',NULL,NULL,NULL,'1','PAGE',NULL,'1',NULL,'1','6',0,'sysadmin',NULL,NULL,NULL,NULL,NULL,NULL,NULL,NULL,NULL,NULL),('party_auth','party_auth','权限设置',NULL,NULL,NULL,'1','PAGE',NULL,'1',NULL,'1','6',0,'sysadmin',NULL,NULL,NULL,NULL,NULL,NULL,NULL,NULL,NULL,NULL),('position_auth','position_auth','岗位授权',NULL,NULL,NULL,'1','PAGE',NULL,'1',NULL,'1','3',0,'sysadmin',NULL,NULL,NULL,NULL,NULL,NULL,NULL,NULL,NULL,NULL),('position_org_add','position_org_add','添加岗位',NULL,NULL,NULL,'1','PAGE',NULL,'1',NULL,'1','6',0,'sysadmin',NULL,NULL,NULL,NULL,NULL,NULL,NULL,NULL,NULL,NULL),('position_org_update','position_org_update','修改岗位',NULL,NULL,NULL,'1','PAGE',NULL,'1',NULL,'1','6',0,'sysadmin',NULL,NULL,NULL,NULL,NULL,NULL,NULL,NULL,NULL,NULL),('query_agent','query_agent','查看代理',NULL,NULL,NULL,'1','PAGE',NULL,'1',NULL,'1','7',0,'sysadmin',NULL,NULL,NULL,NULL,NULL,NULL,NULL,NULL,NULL,NULL),('reset_password','reset_password','重置密码',NULL,NULL,NULL,'1','PAGE',NULL,'1',NULL,'1','5',0,'sysadmin',NULL,NULL,NULL,NULL,NULL,NULL,NULL,NULL,NULL,NULL),('role_add','role_add','添加角色',NULL,NULL,NULL,'1','PAGE',NULL,'1',NULL,'1','3',0,'sysadmin',NULL,NULL,NULL,NULL,NULL,NULL,NULL,NULL,NULL,NULL),('role_auth','role_auth','授权管理','','admin/pages/authManager','','1','PAGEVIEW','1','0',NULL,'1','3',0,'sysadmin',NULL,'sysadmin','2017-06-23 16:05:41','1',NULL,'1',NULL,NULL,NULL,NULL),('role_manager','role_manager','角色管理','','admin/pages/roleManager','','1','PAGEVIEW','1','0',NULL,'1','3',0,'sysadmin',NULL,'sysadmin','2017-06-23 16:05:54','1',NULL,'1',NULL,NULL,NULL,NULL),('role_update','role_update','修改角色',NULL,NULL,NULL,'1','PAGE',NULL,'1',NULL,'1','3',0,'sysadmin',NULL,NULL,NULL,NULL,NULL,NULL,NULL,NULL,NULL,NULL),('set_agent','set_agent','代理设置',NULL,NULL,NULL,'1','PAGE',NULL,'1',NULL,'1','7',0,'sysadmin',NULL,NULL,NULL,NULL,NULL,NULL,NULL,NULL,NULL,NULL),('start_process','start_process','启动流程',NULL,NULL,NULL,'1','PAGE',NULL,'1',NULL,'1','7',0,'sysadmin',NULL,NULL,NULL,NULL,NULL,NULL,NULL,NULL,NULL,NULL),('user_add','user_add','添加用户',NULL,NULL,NULL,'1','PAGE',NULL,'1',NULL,'1','5',0,'sysadmin',NULL,NULL,NULL,NULL,NULL,NULL,NULL,NULL,NULL,NULL),('user_list','user_list','查看用户列表','','admin/pages/userManager','','1','PAGEVIEW','1','0',NULL,'1','5',0,'sysadmin',NULL,'sysadmin','2017-06-23 16:06:03','',NULL,'1',NULL,NULL,NULL,NULL),('user_update','user_update','修改用户',NULL,NULL,NULL,'1','PAGE',NULL,'1',NULL,'1','5',0,'sysadmin',NULL,NULL,NULL,NULL,NULL,NULL,NULL,NULL,NULL,NULL);



/*Data for the table xk_app_menu */

INSERT  INTO xk_app_menu(id,menuno,menuname,menulabel,menucode,isleaf,parameter,uientry,menulevel,rootid,displayorder,imagepath,expandpath,menuseq,openmode,subcount,funid,app_id,parentid,tenant_id,system_flag,del_flag,createuser,createtime,lastchangeuser,lastchangetime,memo,datastatus,f1,f2,f3,f4,f5) VALUES ('1','1','权限管理','权限管理','menu_auth','1',NULL,NULL,1,NULL,1,NULL,NULL,'.1.',NULL,'6',NULL,NULL,'0','1',NULL,0,'sysadmin',NULL,NULL,NULL,NULL,0,NULL,NULL,NULL,NULL,NULL),('11','11','我的任务','我的任务','menu_my_task','0',NULL,NULL,2,NULL,1,NULL,NULL,'.9.11.',NULL,'0','my_task',NULL,'9','1',NULL,0,'sysadmin',NULL,NULL,NULL,NULL,0,NULL,NULL,NULL,NULL,NULL),('12','12','我的流程','我的流程','menu_my_process','0',NULL,NULL,2,NULL,2,NULL,NULL,'.9.12.',NULL,'0','my_process',NULL,'9','1',NULL,0,'sysadmin',NULL,NULL,NULL,NULL,0,NULL,NULL,NULL,NULL,NULL),('13','13','启动流程','启动流程','menu_start_process','0',NULL,NULL,2,NULL,3,NULL,NULL,'.9.13.',NULL,'0','start_process',NULL,'9','1',NULL,0,'sysadmin',NULL,NULL,NULL,NULL,0,NULL,NULL,NULL,NULL,NULL),('14','14','代理设置','代理设置','menu_set_agent','0',NULL,NULL,2,NULL,4,NULL,NULL,'.9.14.',NULL,'0','set_agent',NULL,'9','1',NULL,0,'sysadmin',NULL,NULL,NULL,NULL,0,NULL,NULL,NULL,NULL,NULL),('15','15','查看代理','查看代理','menu_query_agent','0',NULL,NULL,2,NULL,5,NULL,NULL,'.9.15.',NULL,'0','query_agent',NULL,'9','1',NULL,0,'sysadmin',NULL,NULL,NULL,NULL,0,NULL,NULL,NULL,NULL,NULL),('2','2','组织管理','组织管理','menu_org','1',NULL,NULL,1,NULL,2,NULL,NULL,'.2.',NULL,'1',NULL,NULL,'0','1',NULL,0,'sysadmin',NULL,NULL,NULL,NULL,0,NULL,NULL,NULL,NULL,NULL),('3','3','应用功能管理','应用功能管理','menu_app_function','0',NULL,NULL,2,NULL,1,NULL,NULL,'.1.3.',NULL,'0','application_manage',NULL,'1','1',NULL,0,'sysadmin',NULL,NULL,NULL,NULL,0,NULL,NULL,NULL,NULL,NULL),('4','4','菜单管理','菜单管理','menu_menu_manager','0',NULL,NULL,2,NULL,2,NULL,NULL,'.1.4.',NULL,'0','menu_manage',NULL,'1','1',NULL,0,'sysadmin',NULL,NULL,NULL,NULL,0,NULL,NULL,NULL,NULL,NULL),('402886175c32cbcc015c32d71ca80003','0','机构岗位管理','机构岗位管理','ORG_POSITION','0',NULL,NULL,2,NULL,1,NULL,NULL,NULL,NULL,NULL,'402886175c32cbcc015c32d6f6000002',NULL,'2','1',NULL,0,'sysadmin','2017-05-23 09:06:17',NULL,NULL,NULL,0,NULL,NULL,NULL,NULL,NULL),('402886175c612859015c6252f0790000','0','功能授权','功能授权','function_auth','0',NULL,NULL,0,NULL,1,NULL,NULL,NULL,NULL,NULL,'function_role_auth',NULL,'1','1',NULL,0,'sysadmin','2017-06-01 14:23:41',NULL,NULL,NULL,0,NULL,NULL,NULL,NULL,NULL),('402886175cd3ce2c015cd405a8410017',NULL,'系统设置','系统设置','sys_setting','1',NULL,NULL,0,NULL,1,NULL,NULL,NULL,NULL,NULL,NULL,NULL,'0','1',NULL,0,'sysadmin','2017-06-23 16:15:59',NULL,NULL,NULL,0,NULL,NULL,NULL,NULL,NULL),('402886175cd3ce2c015cd406215b0018',NULL,'公司信息设置','公司信息设置','menu_company_info','0',NULL,NULL,0,NULL,1,NULL,NULL,NULL,NULL,NULL,'402886175cd3ce2c015cd3e6695b0001',NULL,'402886175cd3ce2c015cd405a8410017','1',NULL,0,'sysadmin','2017-06-23 16:16:30',NULL,NULL,NULL,0,NULL,NULL,NULL,NULL,NULL),('402886175cd3ce2c015cd406a5990019',NULL,'个人信息设置','个人信息设置','user_info_setting','0',NULL,NULL,0,NULL,2,NULL,NULL,NULL,NULL,NULL,'402886175cd3ce2c015cd3e722750002',NULL,'402886175cd3ce2c015cd405a8410017','1',NULL,0,'sysadmin','2017-06-23 16:17:04',NULL,NULL,NULL,0,NULL,NULL,NULL,NULL,NULL),('5','5','授权管理','授权管理','menu_auth','0',NULL,NULL,2,NULL,6,NULL,NULL,'.1.5.',NULL,'0','role_auth',NULL,'1','1',NULL,0,'sysadmin',NULL,NULL,NULL,NULL,0,NULL,NULL,NULL,NULL,NULL),('51','51','业务字典管理','业务字典管理','menu_dict_manager','0',NULL,NULL,2,NULL,1,NULL,NULL,'.1.51.',NULL,'0','dict_manager',NULL,'1','1',NULL,0,'sysadmin',NULL,NULL,NULL,NULL,0,NULL,NULL,NULL,NULL,NULL),('52','52','工作组管理','工作组管理','groupconfig','0',NULL,NULL,2,NULL,NULL,NULL,NULL,'.2.52.',NULL,'0','groupTree',NULL,'2','1',NULL,0,'sysadmin',NULL,NULL,NULL,NULL,0,NULL,NULL,NULL,NULL,NULL),('6','6','角色管理','角色管理','menu_role_manager','0',NULL,NULL,2,NULL,3,NULL,NULL,'.1.6.',NULL,'0','role_manager',NULL,'1','1',NULL,0,'sysadmin',NULL,NULL,NULL,NULL,0,NULL,NULL,NULL,NULL,NULL),('7','7','用户管理','用户管理','menu_user_manager','0',NULL,NULL,2,NULL,5,NULL,NULL,'.1.7.',NULL,'0','user_list',NULL,'1','1',NULL,0,'sysadmin',NULL,NULL,NULL,NULL,0,NULL,NULL,NULL,NULL,NULL),('8','8','组织机构管理','组织机构管理','menu_org_manager','0',NULL,NULL,2,NULL,1,NULL,NULL,'.2.8.',NULL,'0','org_tree',NULL,'2','1',NULL,0,'sysadmin',NULL,NULL,NULL,NULL,0,NULL,NULL,NULL,NULL,NULL),('9','9','工作流程','工作流程','menu_process','1',NULL,NULL,1,NULL,3,NULL,NULL,'.9.',NULL,'4',NULL,NULL,'0','1',NULL,0,'sysadmin',NULL,NULL,NULL,NULL,0,NULL,NULL,NULL,NULL,NULL);



/*Data for the table xk_cap_partyauth */


INSERT  INTO xk_cap_partyauth(id,role_type,party_id,party_type,role_id,tenant_id,createuser,createtime,lastchangeuser,lastchangetime,memo,datastatus,del_flag,f1,f2,f3,f4,f5) VALUES ('1','ROLE','1','user','1','1',NULL,NULL,NULL,NULL,NULL,0,0,NULL,NULL,NULL,NULL,NULL);


/*Data for the table xk_cap_resauth */



INSERT  INTO xk_cap_resauth(id,party_id,party_type,res_id,res_type,tenant_id,res_state,party_scope,createuser,createtime,lastchangeuser,lastchangetime,memo,del_flag,datastatus,f1,f2,f3,f4,f5) VALUES ('1','1','role','access_rule','function','default','1','0','sysadmin','2017-03-21 13:53:24',NULL,NULL,NULL,NULL,NULL,NULL,NULL,NULL,NULL,NULL),('10','1','role','funcgroup_add','function','default','1','0','sysadmin','2017-03-21 13:53:24',NULL,NULL,NULL,NULL,NULL,NULL,NULL,NULL,NULL,NULL),('11','1','role','funcgroup_edit','function','default','1','0','sysadmin','2017-03-21 13:53:24',NULL,NULL,NULL,NULL,NULL,NULL,NULL,NULL,NULL,NULL),('12','1','role','function_add','function','default','1','0','sysadmin','2017-03-21 13:53:24',NULL,NULL,NULL,NULL,NULL,NULL,NULL,NULL,NULL,NULL),('13','1','role','function_edit','function','default','1','0','sysadmin','2017-03-21 13:53:24',NULL,NULL,NULL,NULL,NULL,NULL,NULL,NULL,NULL,NULL),('14','1','role','function_role_auth','function','default','1','0','sysadmin','2017-03-21 13:53:24',NULL,NULL,NULL,NULL,NULL,NULL,NULL,NULL,NULL,NULL),('15','1','role','groupTree','function','default','1','0','sysadmin','2017-03-21 13:53:24',NULL,NULL,NULL,NULL,NULL,NULL,NULL,NULL,NULL,NULL),('16','1','role','menu_add','function','default','1','0','sysadmin','2017-03-21 13:53:24',NULL,NULL,NULL,NULL,NULL,NULL,NULL,NULL,NULL,NULL),('17','1','role','menu_edit','function','default','1','0','sysadmin','2017-03-21 13:53:24',NULL,NULL,NULL,NULL,NULL,NULL,NULL,NULL,NULL,NULL),('18','1','role','menu_manage','function','default','1','0','sysadmin','2017-03-21 13:53:24',NULL,NULL,NULL,NULL,NULL,NULL,NULL,NULL,NULL,NULL),('19','1','role','my_process','function','default','1','0','sysadmin','2017-03-21 13:53:24',NULL,NULL,NULL,NULL,NULL,NULL,NULL,NULL,NULL,NULL),('2','1','role','application_add','function','default','1','0','sysadmin','2017-03-21 13:53:24',NULL,NULL,NULL,NULL,NULL,NULL,NULL,NULL,NULL,NULL),('20','1','role','my_task','function','default','1','0','sysadmin','2017-03-21 13:53:24',NULL,NULL,NULL,NULL,NULL,NULL,NULL,NULL,NULL,NULL),('21','1','role','org_add','function','default','1','0','sysadmin','2017-03-21 13:53:24',NULL,NULL,NULL,NULL,NULL,NULL,NULL,NULL,NULL,NULL),('22','1','role','org_auth','function','default','1','0','sysadmin','2017-03-21 13:53:24',NULL,NULL,NULL,NULL,NULL,NULL,NULL,NULL,NULL,NULL),('23','1','role','org_tree','function','default','1','0','sysadmin','2017-03-21 13:53:24',NULL,NULL,NULL,NULL,NULL,NULL,NULL,NULL,NULL,NULL),('24','1','role','org_update','function','default','1','0','sysadmin','2017-03-21 13:53:24',NULL,NULL,NULL,NULL,NULL,NULL,NULL,NULL,NULL,NULL),('25','1','role','party_auth','function','default','1','0','sysadmin','2017-03-21 13:53:24',NULL,NULL,NULL,NULL,NULL,NULL,NULL,NULL,NULL,NULL),('26','1','role','position_auth','function','default','1','0','sysadmin','2017-03-21 13:53:24',NULL,NULL,NULL,NULL,NULL,NULL,NULL,NULL,NULL,NULL),('27','1','role','position_org_add','function','default','1','0','sysadmin','2017-03-21 13:53:24',NULL,NULL,NULL,NULL,NULL,NULL,NULL,NULL,NULL,NULL),('28','1','role','position_org_update','function','default','1','0','sysadmin','2017-03-21 13:53:24',NULL,NULL,NULL,NULL,NULL,NULL,NULL,NULL,NULL,NULL),('29','1','role','query_agent','function','default','1','0','sysadmin','2017-03-21 13:53:24',NULL,NULL,NULL,NULL,NULL,NULL,NULL,NULL,NULL,NULL),('3','1','role','application_edit','function','default','1','0','sysadmin','2017-03-21 13:53:24',NULL,NULL,NULL,NULL,NULL,NULL,NULL,NULL,NULL,NULL),('30','1','role','reset_password','function','default','1','0','sysadmin','2017-03-21 13:53:24',NULL,NULL,NULL,NULL,NULL,NULL,NULL,NULL,NULL,NULL),('31','1','role','role_add','function','default','1','0','sysadmin','2017-03-21 13:53:24',NULL,NULL,NULL,NULL,NULL,NULL,NULL,NULL,NULL,NULL),('32','1','role','role_auth','function','default','1','0','sysadmin','2017-03-21 13:53:24',NULL,NULL,NULL,NULL,NULL,NULL,NULL,NULL,NULL,NULL),('33','1','role','role_manager','function','default','1','0','sysadmin','2017-03-21 13:53:24',NULL,NULL,NULL,NULL,NULL,NULL,NULL,NULL,NULL,NULL),('34','1','role','role_update','function','default','1','0','sysadmin','2017-03-21 13:53:24',NULL,NULL,NULL,NULL,NULL,NULL,NULL,NULL,NULL,NULL),('35','1','role','set_agent','function','default','1','0','sysadmin','2017-03-21 13:53:24',NULL,NULL,NULL,NULL,NULL,NULL,NULL,NULL,NULL,NULL),('36','1','role','start_process','function','default','1','0','sysadmin','2017-03-21 13:53:24',NULL,NULL,NULL,NULL,NULL,NULL,NULL,NULL,NULL,NULL),('37','1','role','user_add','function','default','1','0','sysadmin','2017-03-21 13:53:24',NULL,NULL,NULL,NULL,NULL,NULL,NULL,NULL,NULL,NULL),('38','1','role','user_list','function','default','1','0','sysadmin','2017-03-21 13:53:24',NULL,NULL,NULL,NULL,NULL,NULL,NULL,NULL,NULL,NULL),('39','1','role','user_update','function','default','1','0','sysadmin','2017-03-21 13:53:24',NULL,NULL,NULL,NULL,NULL,NULL,NULL,NULL,NULL,NULL),('4','1','role','application_manage','function','default','1','0','sysadmin','2017-03-21 13:53:24',NULL,NULL,NULL,NULL,NULL,NULL,NULL,NULL,NULL,NULL),('40','1001','role','1002','functiongroup','default','1','0','sysadmin','2017-03-28 16:19:53',NULL,NULL,NULL,NULL,NULL,NULL,NULL,NULL,NULL,NULL),('402886175c612859015c625366b80001','402886175c2f6208015c2f635a490000','role','1','',NULL,NULL,NULL,'admin','2017-06-01 14:24:11',NULL,NULL,NULL,0,0,NULL,NULL,NULL,NULL,NULL),('402886175c612859015c625366db0002','402886175c2f6208015c2f635a490000','role','402886175c0ee782015c0eeb5bd20000','function',NULL,NULL,NULL,'admin','2017-06-01 14:24:11',NULL,NULL,NULL,0,0,NULL,NULL,NULL,NULL,NULL),('402886175c612859015c625366f90003','402886175c2f6208015c2f635a490000','role','application_add','function',NULL,NULL,NULL,'admin','2017-06-01 14:24:12',NULL,NULL,NULL,0,0,NULL,NULL,NULL,NULL,NULL),('402886175c612859015c625367230004','402886175c2f6208015c2f635a490000','role','application_edit','function',NULL,NULL,NULL,'admin','2017-06-01 14:24:12',NULL,NULL,NULL,0,0,NULL,NULL,NULL,NULL,NULL),('402886175c612859015c625367420005','402886175c2f6208015c2f635a490000','role','application_manage','function',NULL,NULL,NULL,'admin','2017-06-01 14:24:12',NULL,NULL,NULL,0,0,NULL,NULL,NULL,NULL,NULL),('402886175c612859015c6253675c0006','402886175c2f6208015c2f635a490000','role','funcgroup_add','function',NULL,NULL,NULL,'admin','2017-06-01 14:24:12',NULL,NULL,NULL,0,0,NULL,NULL,NULL,NULL,NULL),('402886175c612859015c625367750007','402886175c2f6208015c2f635a490000','role','funcgroup_edit','function',NULL,NULL,NULL,'admin','2017-06-01 14:24:12',NULL,NULL,NULL,0,0,NULL,NULL,NULL,NULL,NULL),('402886175c612859015c625367920008','402886175c2f6208015c2f635a490000','role','function_add','function',NULL,NULL,NULL,'admin','2017-06-01 14:24:12',NULL,NULL,NULL,0,0,NULL,NULL,NULL,NULL,NULL),('402886175c612859015c625367f80009','402886175c2f6208015c2f635a490000','role','function_edit','function',NULL,NULL,NULL,'admin','2017-06-01 14:24:12',NULL,NULL,NULL,0,0,NULL,NULL,NULL,NULL,NULL),('402886175cd3ce2c015cd40cc6b6001a','1','','0','',NULL,NULL,NULL,'sysadmin','2017-06-23 16:23:46',NULL,NULL,NULL,0,0,NULL,NULL,NULL,NULL,NULL),('402886175cd3ce2c015cd40cc6cd001b','1','','1','',NULL,NULL,NULL,'sysadmin','2017-06-23 16:23:46',NULL,NULL,NULL,0,0,NULL,NULL,NULL,NULL,NULL),('402886175cd3ce2c015cd40cc6e8001c','1','','application_add','',NULL,NULL,NULL,'sysadmin','2017-06-23 16:23:46',NULL,NULL,NULL,0,0,NULL,NULL,NULL,NULL,NULL),('402886175cd3ce2c015cd40cc6fe001d','1','','application_edit','',NULL,NULL,NULL,'sysadmin','2017-06-23 16:23:46',NULL,NULL,NULL,0,0,NULL,NULL,NULL,NULL,NULL),('402886175cd3ce2c015cd40cc711001e','1','','application_manage','',NULL,NULL,NULL,'sysadmin','2017-06-23 16:23:46',NULL,NULL,NULL,0,0,NULL,NULL,NULL,NULL,NULL),('402886175cd3ce2c015cd40cc725001f','1','','funcgroup_add','',NULL,NULL,NULL,'sysadmin','2017-06-23 16:23:46',NULL,NULL,NULL,0,0,NULL,NULL,NULL,NULL,NULL),('402886175cd3ce2c015cd40cc73b0020','1','','funcgroup_edit','',NULL,NULL,NULL,'sysadmin','2017-06-23 16:23:46',NULL,NULL,NULL,0,0,NULL,NULL,NULL,NULL,NULL),('402886175cd3ce2c015cd40cc74f0021','1','','function_add','',NULL,NULL,NULL,'sysadmin','2017-06-23 16:23:46',NULL,NULL,NULL,0,0,NULL,NULL,NULL,NULL,NULL),('402886175cd3ce2c015cd40cc7670022','1','','function_edit','',NULL,NULL,NULL,'sysadmin','2017-06-23 16:23:46',NULL,NULL,NULL,0,0,NULL,NULL,NULL,NULL,NULL),('402886175cd3ce2c015cd40cc77d0023','1','','2','',NULL,NULL,NULL,'sysadmin','2017-06-23 16:23:46',NULL,NULL,NULL,0,0,NULL,NULL,NULL,NULL,NULL),('402886175cd3ce2c015cd40cc7930024','1','','menu_add','',NULL,NULL,NULL,'sysadmin','2017-06-23 16:23:46',NULL,NULL,NULL,0,0,NULL,NULL,NULL,NULL,NULL),('402886175cd3ce2c015cd40cc7a70025','1','','menu_edit','',NULL,NULL,NULL,'sysadmin','2017-06-23 16:23:46',NULL,NULL,NULL,0,0,NULL,NULL,NULL,NULL,NULL),('402886175cd3ce2c015cd40cc7bb0026','1','','menu_manage','',NULL,NULL,NULL,'sysadmin','2017-06-23 16:23:46',NULL,NULL,NULL,0,0,NULL,NULL,NULL,NULL,NULL),('402886175cd3ce2c015cd40cc7cf0027','1','','3','',NULL,NULL,NULL,'sysadmin','2017-06-23 16:23:46',NULL,NULL,NULL,0,0,NULL,NULL,NULL,NULL,NULL),('402886175cd3ce2c015cd40cc7e60028','1','','access_rule','',NULL,NULL,NULL,'sysadmin','2017-06-23 16:23:46',NULL,NULL,NULL,0,0,NULL,NULL,NULL,NULL,NULL),('402886175cd3ce2c015cd40cc7fa0029','1','','dict_manager','',NULL,NULL,NULL,'sysadmin','2017-06-23 16:23:46',NULL,NULL,NULL,0,0,NULL,NULL,NULL,NULL,NULL),('402886175cd3ce2c015cd40cc812002a','1','','employee_auth','',NULL,NULL,NULL,'sysadmin','2017-06-23 16:23:46',NULL,NULL,NULL,0,0,NULL,NULL,NULL,NULL,NULL),('402886175cd3ce2c015cd40cc825002b','1','','function_role_auth','',NULL,NULL,NULL,'sysadmin','2017-06-23 16:23:46',NULL,NULL,NULL,0,0,NULL,NULL,NULL,NULL,NULL),('402886175cd3ce2c015cd40cc83a002c','1','','org_auth','',NULL,NULL,NULL,'sysadmin','2017-06-23 16:23:46',NULL,NULL,NULL,0,0,NULL,NULL,NULL,NULL,NULL),('402886175cd3ce2c015cd40cc84f002d','1','','position_auth','',NULL,NULL,NULL,'sysadmin','2017-06-23 16:23:46',NULL,NULL,NULL,0,0,NULL,NULL,NULL,NULL,NULL),('402886175cd3ce2c015cd40cc865002e','1','','role_add','',NULL,NULL,NULL,'sysadmin','2017-06-23 16:23:46',NULL,NULL,NULL,0,0,NULL,NULL,NULL,NULL,NULL),('402886175cd3ce2c015cd40cc87c002f','1','','role_auth','',NULL,NULL,NULL,'sysadmin','2017-06-23 16:23:46',NULL,NULL,NULL,0,0,NULL,NULL,NULL,NULL,NULL),('402886175cd3ce2c015cd40cc8920030','1','','role_manager','',NULL,NULL,NULL,'sysadmin','2017-06-23 16:23:46',NULL,NULL,NULL,0,0,NULL,NULL,NULL,NULL,NULL),('402886175cd3ce2c015cd40cc8a50031','1','','role_update','',NULL,NULL,NULL,'sysadmin','2017-06-23 16:23:46',NULL,NULL,NULL,0,0,NULL,NULL,NULL,NULL,NULL),('402886175cd3ce2c015cd40cc8b60032','1','','402886175cd3ce2c015cd3e58ab50000','',NULL,NULL,NULL,'sysadmin','2017-06-23 16:23:46',NULL,NULL,NULL,0,0,NULL,NULL,NULL,NULL,NULL),('402886175cd3ce2c015cd40cc8c90033','1','','402886175cd3ce2c015cd3e6695b0001','',NULL,NULL,NULL,'sysadmin','2017-06-23 16:23:46',NULL,NULL,NULL,0,0,NULL,NULL,NULL,NULL,NULL),('402886175cd3ce2c015cd40cc8dd0034','1','','402886175cd3ce2c015cd3e722750002','',NULL,NULL,NULL,'sysadmin','2017-06-23 16:23:46',NULL,NULL,NULL,0,0,NULL,NULL,NULL,NULL,NULL),('402886175cd3ce2c015cd40cc8f00035','1','','5','',NULL,NULL,NULL,'sysadmin','2017-06-23 16:23:46',NULL,NULL,NULL,0,0,NULL,NULL,NULL,NULL,NULL),('402886175cd3ce2c015cd40cc9060036','1','','reset_password','',NULL,NULL,NULL,'sysadmin','2017-06-23 16:23:46',NULL,NULL,NULL,0,0,NULL,NULL,NULL,NULL,NULL),('402886175cd3ce2c015cd40cc91b0037','1','','user_add','',NULL,NULL,NULL,'sysadmin','2017-06-23 16:23:46',NULL,NULL,NULL,0,0,NULL,NULL,NULL,NULL,NULL),('402886175cd3ce2c015cd40cc92d0038','1','','user_list','',NULL,NULL,NULL,'sysadmin','2017-06-23 16:23:46',NULL,NULL,NULL,0,0,NULL,NULL,NULL,NULL,NULL),('402886175cd3ce2c015cd40cc9420039','1','','user_update','',NULL,NULL,NULL,'sysadmin','2017-06-23 16:23:46',NULL,NULL,NULL,0,0,NULL,NULL,NULL,NULL,NULL),('402886175cd3ce2c015cd40cc956003a','1','','6','',NULL,NULL,NULL,'sysadmin','2017-06-23 16:23:46',NULL,NULL,NULL,0,0,NULL,NULL,NULL,NULL,NULL),('402886175cd3ce2c015cd40cc96f003b','1','','auth_graph','',NULL,NULL,NULL,'sysadmin','2017-06-23 16:23:46',NULL,NULL,NULL,0,0,NULL,NULL,NULL,NULL,NULL),('402886175cd3ce2c015cd40cc983003c','1','','employee_add','',NULL,NULL,NULL,'sysadmin','2017-06-23 16:23:46',NULL,NULL,NULL,0,0,NULL,NULL,NULL,NULL,NULL),('402886175cd3ce2c015cd40cc997003d','1','','employee_update','',NULL,NULL,NULL,'sysadmin','2017-06-23 16:23:46',NULL,NULL,NULL,0,0,NULL,NULL,NULL,NULL,NULL),('402886175cd3ce2c015cd40cc9aa003e','1','','groupTree','',NULL,NULL,NULL,'sysadmin','2017-06-23 16:23:46',NULL,NULL,NULL,0,0,NULL,NULL,NULL,NULL,NULL),('402886175cd3ce2c015cd40cc9c3003f','1','','org_add','',NULL,NULL,NULL,'sysadmin','2017-06-23 16:23:46',NULL,NULL,NULL,0,0,NULL,NULL,NULL,NULL,NULL),('402886175cd3ce2c015cd40cc9d90040','1','','org_tree','',NULL,NULL,NULL,'sysadmin','2017-06-23 16:23:46',NULL,NULL,NULL,0,0,NULL,NULL,NULL,NULL,NULL),('402886175cd3ce2c015cd40cc9eb0041','1','','org_update','',NULL,NULL,NULL,'sysadmin','2017-06-23 16:23:46',NULL,NULL,NULL,0,0,NULL,NULL,NULL,NULL,NULL),('402886175cd3ce2c015cd40cca060042','1','','party_auth','',NULL,NULL,NULL,'sysadmin','2017-06-23 16:23:46',NULL,NULL,NULL,0,0,NULL,NULL,NULL,NULL,NULL),('402886175cd3ce2c015cd40cca1e0043','1','','position_org_add','',NULL,NULL,NULL,'sysadmin','2017-06-23 16:23:46',NULL,NULL,NULL,0,0,NULL,NULL,NULL,NULL,NULL),('402886175cd3ce2c015cd40cca380044','1','','position_org_update','',NULL,NULL,NULL,'sysadmin','2017-06-23 16:23:47',NULL,NULL,NULL,0,0,NULL,NULL,NULL,NULL,NULL),('402886175cd3ce2c015cd40cca4f0045','1','','7','',NULL,NULL,NULL,'sysadmin','2017-06-23 16:23:47',NULL,NULL,NULL,0,0,NULL,NULL,NULL,NULL,NULL),('402886175cd3ce2c015cd40cca680046','1','','my_process','',NULL,NULL,NULL,'sysadmin','2017-06-23 16:23:47',NULL,NULL,NULL,0,0,NULL,NULL,NULL,NULL,NULL),('402886175cd3ce2c015cd40cca7e0047','1','','my_task','',NULL,NULL,NULL,'sysadmin','2017-06-23 16:23:47',NULL,NULL,NULL,0,0,NULL,NULL,NULL,NULL,NULL),('402886175cd3ce2c015cd40cca950048','1','','query_agent','',NULL,NULL,NULL,'sysadmin','2017-06-23 16:23:47',NULL,NULL,NULL,0,0,NULL,NULL,NULL,NULL,NULL),('402886175cd3ce2c015cd40ccaab0049','1','','set_agent','',NULL,NULL,NULL,'sysadmin','2017-06-23 16:23:47',NULL,NULL,NULL,0,0,NULL,NULL,NULL,NULL,NULL),('402886175cd3ce2c015cd40ccac3004a','1','','start_process','',NULL,NULL,NULL,'sysadmin','2017-06-23 16:23:47',NULL,NULL,NULL,0,0,NULL,NULL,NULL,NULL,NULL),('41','1001','role','application_add','function','default','1','0','sysadmin','2017-03-28 16:19:53',NULL,NULL,NULL,NULL,NULL,NULL,NULL,NULL,NULL,NULL),('42','1001','role','application_edit','function','default','1','0','sysadmin','2017-03-28 16:19:53',NULL,NULL,NULL,NULL,NULL,NULL,NULL,NULL,NULL,NULL),('43','1001','role','application_manage','function','default','1','0','sysadmin','2017-03-28 16:19:53',NULL,NULL,NULL,NULL,NULL,NULL,NULL,NULL,NULL,NULL),('44','1001','role','funcgroup_add','function','default','1','0','sysadmin','2017-03-28 16:19:53',NULL,NULL,NULL,NULL,NULL,NULL,NULL,NULL,NULL,NULL),('45','1001','role','funcgroup_edit','function','default','1','0','sysadmin','2017-03-28 16:19:53',NULL,NULL,NULL,NULL,NULL,NULL,NULL,NULL,NULL,NULL),('46','1001','role','function_add','function','default','1','0','sysadmin','2017-03-28 16:19:53',NULL,NULL,NULL,NULL,NULL,NULL,NULL,NULL,NULL,NULL),('47','1001','role','function_edit','function','default','1','0','sysadmin','2017-03-28 16:19:53',NULL,NULL,NULL,NULL,NULL,NULL,NULL,NULL,NULL,NULL),('48','1001','role','menu_add','function','default','1','0','sysadmin','2017-03-28 16:19:53',NULL,NULL,NULL,NULL,NULL,NULL,NULL,NULL,NULL,NULL),('49','1001','role','menu_edit','function','default','1','0','sysadmin','2017-03-28 16:19:53',NULL,NULL,NULL,NULL,NULL,NULL,NULL,NULL,NULL,NULL),('5','1','role','auth_graph','function','default','1','0','sysadmin','2017-03-21 13:53:24',NULL,NULL,NULL,NULL,NULL,NULL,NULL,NULL,NULL,NULL),('50','1001','role','menu_manage','function','default','1','0','sysadmin','2017-03-28 16:19:53',NULL,NULL,NULL,NULL,NULL,NULL,NULL,NULL,NULL,NULL),('51','1001','role','reset_password','function','default','1','0','sysadmin','2017-03-28 16:19:53',NULL,NULL,NULL,NULL,NULL,NULL,NULL,NULL,NULL,NULL),('52','1001','role','user_add','function','default','1','0','sysadmin','2017-03-28 16:19:53',NULL,NULL,NULL,NULL,NULL,NULL,NULL,NULL,NULL,NULL),('53','1001','role','user_list','function','default','1','0','sysadmin','2017-03-28 16:19:53',NULL,NULL,NULL,NULL,NULL,NULL,NULL,NULL,NULL,NULL),('54','1001','role','user_update','function','default','1','0','sysadmin','2017-03-28 16:19:53',NULL,NULL,NULL,NULL,NULL,NULL,NULL,NULL,NULL,NULL),('55','1','role','402886175c32cbcc015c32d6f6000002','function',NULL,'1','0','sysadmin',NULL,NULL,NULL,NULL,0,0,NULL,NULL,NULL,NULL,NULL),('6','1','role','dict_manager','function','default','1','0','sysadmin','2017-03-21 13:53:24',NULL,NULL,NULL,NULL,NULL,NULL,NULL,NULL,NULL,NULL),('7','1','role','employee_add','function','default','1','0','sysadmin','2017-03-21 13:53:24',NULL,NULL,NULL,NULL,NULL,NULL,NULL,NULL,NULL,NULL),('8','1','role','employee_auth','function','default','1','0','sysadmin','2017-03-21 13:53:24',NULL,NULL,NULL,NULL,NULL,NULL,NULL,NULL,NULL,NULL),('9','1','role','employee_update','function','default','1','0','sysadmin','2017-03-21 13:53:24',NULL,NULL,NULL,NULL,NULL,NULL,NULL,NULL,NULL,NULL);



/*Data for the table xk_cap_role */



INSERT  INTO xk_cap_role(id,tenant_id,role_code,role_name,role_desc,del_flag,createuser,createtime,lastchangeuser,lastchangetime,memo,datastatus,f1,f2,f3,f4,f5) VALUES ('1','1','ROLE001','超级管理员','超级管理员',0,NULL,NULL,NULL,NULL,NULL,NULL,NULL,NULL,NULL,NULL,NULL);



/*Data for the table xk_cap_user */


INSERT  INTO xk_cap_user(id,tenant_id,user_id,password,invaldate,user_name,status,authmode,unlocktime,menutype,lastlogin,errcount,startdate,enddate,validtime,maccode,ipaddress,email,del_flag,createuser,createtime,lastchangeuser,lastchangetime,memo,datastatus,f1,f2,f3,f4,f5) VALUES ('1',NULL,'sysadmin','$2a$04$v.ZSnWedGXuHl6BkezaYHuZCqvKgqLJ4tph1/gNEpkNVqQkKqjn6O',NULL,'超级管理员',1,'1','2017-01-02 00:00:00',NULL,NULL,1,NULL,NULL,NULL,NULL,NULL,NULL,NULL,NULL,NULL,NULL,NULL,NULL,NULL,NULL,NULL,NULL,NULL,NULL);



/*Data for the table xk_company_info */



/*Data for the table xk_dict_entry */



INSERT  INTO xk_dict_entry(id,dicttypeid,dictcode,dictname,dictvalue,status,sortno,rank,parentid,seqno,del_flag,datastatus,createuser,createtime,lastchangeuser,lastchangetime,memo,f1,f2,f3,f4,f5) VALUES ('1','1','1','正常','正常',0,1,0,NULL,NULL,0,0,NULL,NULL,NULL,NULL,NULL,NULL,NULL,NULL,NULL,NULL),('2','1','2','冻结','冻结',0,2,0,NULL,NULL,0,0,NULL,NULL,NULL,NULL,NULL,NULL,NULL,NULL,NULL,NULL),('3','1','3','授权','授权',0,3,0,NULL,NULL,0,0,NULL,NULL,NULL,NULL,NULL,NULL,NULL,NULL,NULL,NULL),('4','2','4','授权码模式','授权码模式',0,4,0,NULL,NULL,0,0,NULL,NULL,NULL,NULL,NULL,NULL,NULL,NULL,NULL,NULL),('402881f15c145674015c145695ed0000','402881f15c144d70015c144d92420000','Level1001','一级','l1',0,0,0,NULL,NULL,0,0,NULL,'2017-05-17 10:57:17',NULL,NULL,NULL,NULL,NULL,NULL,NULL,NULL),('402881f15c145720015c1457405e0000','402881f15c144d70015c144d92420000','Level1002','二级','l2',0,0,0,NULL,NULL,0,0,NULL,'2017-05-17 10:58:01',NULL,NULL,NULL,NULL,NULL,NULL,NULL,NULL),('402881f15c2e0e96015c2e0eb9ce0000','402881f15c2e0cef015c2e0d12630000','COMPANY','总公司','Internet',0,1,0,NULL,NULL,0,0,NULL,'2017-05-22 10:48:56','sysadmin','2017-06-23 15:50:46',NULL,NULL,NULL,NULL,NULL,NULL),('402886175c32cbcc015c33199391000d','402886175c32cbcc015c331967aa000c','0','是',NULL,0,1,0,NULL,NULL,0,0,'admin','2017-05-23 10:18:53',NULL,NULL,NULL,NULL,NULL,NULL,NULL,NULL),('402886175c32cbcc015c3319d7a7000e','402886175c32cbcc015c331967aa000c','1','否',NULL,0,2,0,NULL,NULL,0,0,'admin','2017-05-23 10:19:10',NULL,NULL,NULL,NULL,NULL,NULL,NULL,NULL),('402886175c4266da015c427bef200003','4028fc685c153da5015c153dc6930000','0','正常',NULL,0,1,0,NULL,NULL,0,0,'admin','2017-05-26 10:00:37',NULL,NULL,NULL,NULL,NULL,NULL,NULL,NULL),('402886175c4266da015c4280ee050004','402881f15c2e0aea015c2e0b0e2d0000','0','正常',NULL,0,1,0,NULL,NULL,0,0,'admin','2017-05-26 10:06:04',NULL,NULL,NULL,NULL,NULL,NULL,NULL,NULL),('402886175c5d374d015c5d443b1f0001','402886175c5d374d015c5d43fa800000','PAGEVIEW','页面视图',NULL,0,1,0,NULL,NULL,0,0,'admin','2017-05-31 14:49:31','sysadmin','2017-06-23 15:47:48',NULL,NULL,NULL,NULL,NULL,NULL),('402886175cd3ce2c015cd3ecd8350004','402886175c5d374d015c5d43fa800000','FUNCTBUTTON','功能按钮',NULL,0,2,0,NULL,NULL,0,0,'sysadmin','2017-06-23 15:48:53',NULL,NULL,NULL,NULL,NULL,NULL,NULL,NULL),('402886175cd3ce2c015cd3ed19fc0005','402886175c5d374d015c5d43fa800000','WORKPROCESS','工作流',NULL,0,3,0,NULL,NULL,0,0,'sysadmin','2017-06-23 15:49:10',NULL,NULL,NULL,NULL,NULL,NULL,NULL,NULL),('402886175cd3ce2c015cd3eed1280006','402881f15c2e0cef015c2e0d12630000','SUB_COMPANY','分公司',NULL,0,2,0,NULL,NULL,0,0,'sysadmin','2017-06-23 15:51:02','sysadmin','2017-06-23 15:52:12',NULL,NULL,NULL,NULL,NULL,NULL),('402886175cd3ce2c015cd3ef30120007','402881f15c2e0cef015c2e0d12630000','DEPT','总公司部门',NULL,0,3,0,NULL,NULL,0,0,'sysadmin','2017-06-23 15:51:26',NULL,NULL,NULL,NULL,NULL,NULL,NULL,NULL),('402886175cd3ce2c015cd3ef8c930008','402881f15c2e0cef015c2e0d12630000','SUB_DEPT','分公司部门',NULL,0,4,0,NULL,NULL,0,0,'sysadmin','2017-06-23 15:51:50',NULL,NULL,NULL,NULL,NULL,NULL,NULL,NULL),('402886175cd3ce2c015cd3f0b4f20009','402881f15c2e0aea015c2e0b0e2d0000','1','停用',NULL,0,2,0,NULL,NULL,0,0,'sysadmin','2017-06-23 15:53:06',NULL,NULL,NULL,NULL,NULL,NULL,NULL,NULL),('402886175cd3ce2c015cd3f0ec66000a','402881f15c2e0aea015c2e0b0e2d0000','2','注销',NULL,0,2,0,NULL,NULL,0,0,'sysadmin','2017-06-23 15:53:20',NULL,NULL,NULL,NULL,NULL,NULL,NULL,NULL),('402886175cd3ce2c015cd3f374b9000b','402886cd5c1ad33d015c1ad857710003','EMP','员工',NULL,0,2,0,NULL,NULL,0,0,'sysadmin','2017-06-23 15:56:06',NULL,NULL,NULL,NULL,NULL,NULL,NULL,NULL),('402886175cd3ce2c015cd3f3b3a9000c','402886cd5c1ad33d015c1ad857710003','ORG','组织机构',NULL,0,3,0,NULL,NULL,0,0,'sysadmin','2017-06-23 15:56:22',NULL,NULL,NULL,NULL,NULL,NULL,NULL,NULL),('402886175cd3ce2c015cd3f3f8ec000d','402886cd5c1ad33d015c1ad857710003','POSI','岗位',NULL,0,4,0,NULL,NULL,0,0,'sysadmin','2017-06-23 15:56:40',NULL,NULL,NULL,NULL,NULL,NULL,NULL,NULL),('402886175cd3ce2c015cd3f441d1000e','402886cd5c1ad33d015c1ad857710003','WORKGROUP','工作组',NULL,0,5,0,NULL,NULL,0,0,'sysadmin','2017-06-23 15:56:59',NULL,NULL,NULL,NULL,NULL,NULL,NULL,NULL),('402886175cd3ce2c015cd3f63c1f000f','4028fc685c155233015c155252800000','SALE','销售岗位',NULL,0,2,0,NULL,NULL,0,0,'sysadmin','2017-06-23 15:59:08',NULL,NULL,NULL,NULL,NULL,NULL,NULL,NULL),('402886cd5c191cbd015c1922d1380000','1','4','注销','注销',0,4,0,NULL,NULL,0,0,'admin','2017-05-18 09:18:51',NULL,NULL,NULL,NULL,NULL,NULL,NULL,NULL),('402886cd5c1ad33d015c1ad6702a0001','402886cd5c1ad33d015c1ad41e870000','1','BLUE',NULL,0,1,0,NULL,NULL,0,0,'admin','2017-05-18 17:14:40',NULL,NULL,NULL,NULL,NULL,NULL,NULL,NULL),('402886cd5c1ad33d015c1ad69ea80002','402886cd5c1ad33d015c1ad41e870000','2','Yellow',NULL,0,2,0,NULL,NULL,0,0,'admin','2017-05-18 17:14:51',NULL,NULL,NULL,NULL,NULL,NULL,NULL,NULL),('402886cd5c1ad33d015c1ad888520004','402886cd5c1ad33d015c1ad857710003','USER','用户',NULL,0,1,0,NULL,NULL,0,0,'admin','2017-05-18 17:16:57','sysadmin','2017-06-23 15:55:54',NULL,NULL,NULL,NULL,NULL,NULL),('402886cd5c1eb27a015c1eb605400002','402886cd5c1eb27a015c1eb5d7600001','1','ROLE',NULL,0,1,0,NULL,NULL,0,0,'admin','2017-05-19 11:17:44',NULL,NULL,NULL,NULL,NULL,NULL,NULL,NULL),('402886cd5c1ec2b2015c1f08ab30000f','402886cd5c1ec2b2015c1f085b04000e','1','USER',NULL,0,2,0,NULL,NULL,0,0,'admin','2017-05-19 12:48:00',NULL,NULL,NULL,NULL,NULL,NULL,NULL,NULL),('4028fc685c153ede015c153effbf0000','4028fc685c153b56015c153b75e80000','0','男','M',0,1,0,NULL,NULL,0,0,NULL,'2017-05-17 15:11:09','sysadmin','2017-06-23 16:03:01',NULL,NULL,NULL,NULL,NULL,NULL),('4028fc685c153f5d015c153f7ef30000','4028fc685c153b56015c153b75e80000','1','女','W',0,2,0,NULL,NULL,0,0,NULL,'2017-05-17 15:11:41','sysadmin','2017-06-23 16:03:39',NULL,NULL,NULL,NULL,NULL,NULL),('4028fc685c153fdd015c1540024e0000','4028fc685c153b56015c153b75e80000','2','保密','unknow',0,3,0,NULL,NULL,0,0,NULL,'2017-05-17 15:12:15','sysadmin','2017-06-23 16:03:45',NULL,NULL,NULL,NULL,NULL,NULL),('4028fc685c154230015c154252060000','4028fc685c153c4e015c153c6e940000','0','入职','work',0,0,0,NULL,NULL,0,0,NULL,'2017-05-17 15:14:46','admin','2017-05-24 10:59:47',NULL,NULL,NULL,NULL,NULL,NULL),('4028fc685c1542f1015c1543136f0000','4028fc685c153c4e015c153c6e940000','1','离职','resign',0,0,0,NULL,NULL,0,0,NULL,'2017-05-17 15:15:36','admin','2017-05-24 10:59:59',NULL,NULL,NULL,NULL,NULL,NULL),('4028fc685c1543b0015c1543d1b50000','4028fc685c153c4e015c153c6e940000','2','暂无岗位','no_position',0,0,0,NULL,NULL,0,0,NULL,'2017-05-17 15:16:25','admin','2017-05-24 11:04:36',NULL,NULL,NULL,NULL,NULL,NULL),('4028fc685c155478015c15549c820000','4028fc685c155233015c155252800000','TECH','技术岗位','backer',0,1,0,NULL,NULL,0,0,NULL,'2017-05-17 15:34:45','sysadmin','2017-06-23 15:59:16',NULL,NULL,NULL,NULL,NULL,NULL),('4028fc685c1557d8015c1557f8590000','4028fc685c155233015c155252800000','HR','行政/HR岗位','stager',0,6,0,NULL,NULL,0,0,NULL,'2017-05-17 15:38:25','sysadmin','2017-06-23 16:01:58',NULL,NULL,NULL,NULL,NULL,NULL),('4028fc685c1557d8015c1557f8e60001','4028fc685c155233015c155252800000','DESIGN','设计岗位','power',0,5,0,NULL,NULL,0,0,NULL,'2017-05-17 15:38:25','sysadmin','2017-06-23 16:00:52',NULL,NULL,NULL,NULL,NULL,NULL),('4028fc685c15589d015c1558bf1d0000','4028fc685c155233015c155252800000','FINANCE','财务岗位','UIDESIGNER',0,4,0,NULL,NULL,0,0,NULL,'2017-05-17 15:39:16','sysadmin','2017-06-23 16:00:35',NULL,NULL,NULL,NULL,NULL,NULL),('4028fc685c155bda015c155bfb660000','4028fc685c155233015c155252800000','MANAGER','管理岗位','tester',0,3,0,NULL,NULL,0,0,NULL,'2017-05-17 15:42:48','sysadmin','2017-06-23 15:59:36',NULL,NULL,NULL,NULL,NULL,NULL),('4028fc685c1fe8b9015c1fe8dde20000','4028fc685c1fe446015c1fe4696b0000','Workgroup1001','总公司','Head Office',0,0,0,NULL,NULL,0,0,NULL,'2017-05-19 16:52:53',NULL,NULL,NULL,NULL,NULL,NULL,NULL,NULL),('4028fc685c1fe983015c1fe9a7cb0000','4028fc685c1fe446015c1fe4696b0000','Workgroup1002','分公司','Branch Office',0,0,0,NULL,NULL,0,0,NULL,'2017-05-19 16:53:45',NULL,NULL,NULL,NULL,NULL,NULL,NULL,NULL),('5','2','5','简化模式','简化模式',0,5,0,NULL,NULL,0,0,NULL,NULL,NULL,NULL,NULL,NULL,NULL,NULL,NULL,NULL),('6','2','6','密码模式','密码模式',0,6,0,NULL,NULL,0,0,NULL,NULL,NULL,NULL,NULL,NULL,NULL,NULL,NULL,NULL),('7','2','7','客户端模式','客户端模式',0,7,0,NULL,NULL,0,0,NULL,NULL,NULL,NULL,NULL,NULL,NULL,NULL,NULL,NULL),('8','402886cd5c1ec2b2015c1f085b04001e','1','默认值',NULL,0,1,0,NULL,NULL,0,0,NULL,NULL,'sysadmin','2017-06-23 15:54:33',NULL,NULL,NULL,NULL,NULL,NULL);


/*Data for the table xk_dict_type */



INSERT  INTO xk_dict_type(id,dicttypecode,dicttypename,rank,parentid,seqno,del_flag,datastatus,createtime,createuser,lastchangetime,lastchangeuser,memo,f1,f2,f3,f4,f5,appid) VALUES ('1','DATASTATUS','状态',0,NULL,NULL,0,0,'2017-05-17 08:50:46','admin',NULL,NULL,NULL,NULL,NULL,NULL,NULL,NULL,NULL),('2','AUTHMODE','授权模式',0,NULL,NULL,0,0,'2017-05-17 08:58:11','admin',NULL,NULL,NULL,NULL,NULL,NULL,NULL,NULL,NULL),('402881f15c144d70015c144d92420000','LEVEL','等级',0,NULL,NULL,0,0,'2017-05-17 10:47:27',NULL,NULL,NULL,NULL,NULL,NULL,NULL,NULL,NULL,NULL),('402881f15c2e0aea015c2e0b0e2d0000','WORKGROUPSTATUS','工作组状态',0,NULL,NULL,0,0,'2017-05-22 10:44:55',NULL,NULL,NULL,NULL,NULL,NULL,NULL,NULL,NULL,NULL),('402881f15c2e0cef015c2e0d12630000','ORGTYPE','机构类型',0,NULL,NULL,0,0,'2017-05-22 10:47:07',NULL,NULL,NULL,NULL,NULL,NULL,NULL,NULL,NULL,NULL),('402886175c32cbcc015c331967aa000c','YESNO','是否',0,'',NULL,0,0,'2017-05-23 10:18:41','admin',NULL,NULL,NULL,NULL,NULL,NULL,NULL,NULL,NULL),('402886175c5d374d015c5d43fa800000','FUNCTTYPE','功能类型',0,'',NULL,0,0,'2017-05-31 14:49:15','admin',NULL,NULL,NULL,NULL,NULL,NULL,NULL,NULL,NULL),('402886cd5c1ad33d015c1ad41e870000','MENUTYPE','菜单类型',0,'',NULL,0,0,'2017-05-18 17:12:08','admin',NULL,NULL,NULL,NULL,NULL,NULL,NULL,NULL,NULL),('402886cd5c1ad33d015c1ad857710003','PARTYTYPE','参与者类型',0,'',NULL,0,0,'2017-05-18 17:16:44','admin',NULL,NULL,NULL,NULL,NULL,NULL,NULL,NULL,NULL),('402886cd5c1eb27a015c1eb5d7600001','ROLETYPE','角色类型',0,'',NULL,0,0,'2017-05-19 11:17:32','admin',NULL,NULL,NULL,NULL,NULL,NULL,NULL,NULL,NULL),('402886cd5c1ec2b2015c1f085b04000e','USERTYPE','用户类型',0,'',NULL,0,0,'2017-05-19 12:47:40','admin',NULL,NULL,NULL,NULL,NULL,NULL,NULL,NULL,NULL),('402886cd5c1ec2b2015c1f085b04001e','DEFAULTVALUE','默认值',0,NULL,NULL,0,0,'2017-05-19 12:47:40','admin',NULL,NULL,NULL,NULL,NULL,NULL,NULL,NULL,NULL),('4028fc685c153b56015c153b75e80000','GENDER','性别',0,NULL,NULL,0,0,'2017-05-17 15:07:17',NULL,NULL,NULL,NULL,NULL,NULL,NULL,NULL,NULL,NULL),('4028fc685c153c4e015c153c6e940000','EMPSTATUS','员工状态',0,NULL,NULL,0,0,'2017-05-17 15:08:21',NULL,NULL,NULL,NULL,NULL,NULL,NULL,NULL,NULL,NULL),('4028fc685c153da5015c153dc6930000','ORGSTATUS','机构状态',0,NULL,NULL,0,0,'2017-05-17 15:09:49',NULL,NULL,NULL,NULL,NULL,NULL,NULL,NULL,NULL,NULL),('4028fc685c155233015c155252800000','POSITIONTYPE','岗位类型',0,NULL,NULL,0,0,'2017-05-17 15:32:15',NULL,NULL,NULL,NULL,NULL,NULL,NULL,NULL,NULL,NULL),('4028fc685c1fe446015c1fe4696b0000','WORKGROUPTYPE','工作组类型',0,NULL,NULL,0,0,'2017-05-19 16:48:01',NULL,NULL,NULL,NULL,NULL,NULL,NULL,NULL,NULL,NULL);



/*Data for the table xk_org_employee */


INSERT  INTO xk_org_employee(id,empcode,operatorid,userid,empname,realname,gender,birthdate,position_id,empstatus,cardtype,cardno,indate,outdate,otel,oaddress,ozipcode,oemail,faxno,mobileno,qq,htel,haddress,hzipcode,pemail,party,school,degree,marjor,specialty,manager,manage_roles,org_id_list,workd_exp,regdate,tenant_id,app_id,weibo,orgid,del_flag,datastatus,createuser,createtime,lastchangeuser,lastchangetime,memo,f1,f2,f3,f4,f5) VALUES ('402881f15c385eb1015c386a98750000','123',NULL,'','123','123','Gender1001',NULL,'402886175c32cbcc015c33071621000b',0,'','',NULL,NULL,'','','','','','','','','','','123@qq.com','','','',NULL,NULL,'',NULL,NULL,NULL,NULL,NULL,NULL,'','402886175c32cbcc015c32e9c0fc0007',0,0,'admin','2017-05-24 11:05:28','admin','2017-05-31 08:43:58',NULL,NULL,NULL,NULL,NULL,NULL),('402881f15c385eb1015c3874289b0003','1111',NULL,'','11','111','Gender1001',NULL,NULL,0,'','',NULL,NULL,'','','','','','','','','','','','','','',NULL,NULL,'',NULL,NULL,NULL,NULL,NULL,NULL,'','402886175c32cbcc015c32e9c0fc0007',1,0,'admin','2017-05-24 11:15:55','admin','2017-05-31 08:59:06',NULL,NULL,NULL,NULL,NULL,NULL);





INSERT  INTO xk_org_group(id,groupno,orgid,grouplevel,groupname,groupdesc,grouptype,groupseq,startdate,enddate,groupstatus,manger,isleaf,subcount,tenant_id,app_id,parentgroupid,del_flag,createuser,createtime,lastchangeuser,lastchangetime,memo,datastatus,f1,f2,f3,f4,f5) VALUES ('402886175cd3ce2c015cd403d3470015','1','402886175cd3ce2c015cd3ffa7270010',NULL,'XKES开发组','','Workgroup1002','',NULL,NULL,0,NULL,NULL,NULL,NULL,NULL,'0',0,'sysadmin','2017-06-23 16:13:59',NULL,NULL,NULL,0,NULL,NULL,NULL,NULL,NULL);


/*Data for the table xk_org_organization */



INSERT  INTO xk_org_organization(id,orgno,orgcode,orgname,orglevel,orgdegree,orgseq,orgtype,orgaddr,zipcode,manaposition,managerid,orgmanger,linkman,linktel,email,weburl,startdate,enddate,status,area,sortno,app_id,parentorgid,isleaf,subcount,tenant_id,del_flag,createuser,createtime,lastchangeuser,lastchangetime,memo,datastatus,f1,f2,f3,f4,f5) VALUES ('402886175cd3ce2c015cd3ffa7270010',NULL,'COM001','物联网研究院','1','Level1001',NULL,'COMPANY','',NULL,NULL,NULL,NULL,NULL,NULL,NULL,'',NULL,NULL,0,NULL,0,NULL,'0',NULL,NULL,NULL,0,'sysadmin','2017-06-23 16:09:26',NULL,NULL,NULL,0,NULL,NULL,NULL,NULL,NULL),('402886175cd3ce2c015cd4003f3b0011',NULL,'DEPT001','MES组','2','Level1002',NULL,'DEPT','',NULL,NULL,NULL,NULL,NULL,NULL,NULL,'',NULL,NULL,0,NULL,0,NULL,'402886175cd3ce2c015cd3ffa7270010',NULL,NULL,NULL,0,'sysadmin','2017-06-23 16:10:04',NULL,NULL,NULL,0,NULL,NULL,NULL,NULL,NULL),('402886175cd3ce2c015cd400d1150012',NULL,'DEPT002','教研组',NULL,'Level1002',NULL,'DEPT','',NULL,NULL,NULL,NULL,NULL,NULL,NULL,'',NULL,NULL,0,NULL,0,NULL,'402886175cd3ce2c015cd3ffa7270010',NULL,NULL,NULL,0,'sysadmin','2017-06-23 16:10:42',NULL,NULL,NULL,0,NULL,NULL,NULL,NULL,NULL);



/*Data for the table xk_org_posiotion */



INSERT  INTO xk_org_posiotion(id,posino,posicode,posiname,posilevel,posiotionseq,positype,startdate,enddate,status,isleaf,subcount,tenant_id,app_id,dutyid,orgid,parentid,del_flag,createuser,createtime,lastchangeuser,lastchangetime,datastatus,memo,f1,f2,f3,f4,f5) VALUES ('402886175cd3ce2c015cd401a9d80013','1','GW001','总经理','1','1','MANAGER',NULL,NULL,0,NULL,NULL,NULL,NULL,'GW001','402886175cd3ce2c015cd3ffa7270010','402886175cd3ce2c015cd3ffa7270010',0,'sysadmin','2017-06-23 16:11:37',NULL,NULL,0,NULL,NULL,NULL,NULL,NULL,NULL),('402886175cd3ce2c015cd402f1070014','2','GW002','项目经理','2','2','MANAGER',NULL,NULL,0,NULL,NULL,NULL,NULL,'2','402886175cd3ce2c015cd3ffa7270010','402886175cd3ce2c015cd3ffa7270010',0,'sysadmin','2017-06-23 16:13:01',NULL,NULL,0,NULL,NULL,NULL,NULL,NULL,NULL);



