prompt PL/SQL Developer import file
prompt Created on 2017年6月27日 by LV
set feedback off
set define off
prompt Disabling foreign key constraints for XK_APP_FUNCTION...
alter table XK_APP_FUNCTION disable constraint FK_XK_APP_F_FK_FUNGRO_XK_APP_F;
prompt Disabling foreign key constraints for XK_APP_MENU...
alter table XK_APP_MENU disable constraint FK_XK_APP_M_FK_FUNCAT_XK_APP_F;
prompt Disabling foreign key constraints for XK_CAP_PARTYAUTH...
alter table XK_CAP_PARTYAUTH disable constraint FK_XK_CAP_P_FK_ROLE_I_XK_CAP_R;
prompt Disabling foreign key constraints for XK_DICT_ENTRY...
alter table XK_DICT_ENTRY disable constraint FK_XK_DICT__FK_DICT_T_XK_DICT_;
prompt Disabling foreign key constraints for XK_ORG_EMPORG...
alter table XK_ORG_EMPORG disable constraint FK_XK_ORG_E_FK_ORG_ID_XK_ORG_O;
alter table XK_ORG_EMPORG disable constraint FK_XK_ORG_E_FK_USER_I_XK_ORG_E;
prompt Disabling foreign key constraints for XK_ORG_POSIOTION...
alter table XK_ORG_POSIOTION disable constraint FK_XK_ORG_P_FK_ORG_ID_XK_ORG_O;
prompt Disabling foreign key constraints for XK_ORG_EMPPOSITION...
alter table XK_ORG_EMPPOSITION disable constraint FK_XK_ORG_E_FK_EMP_ID_XK_ORG_E;
alter table XK_ORG_EMPPOSITION disable constraint FK_XK_ORG_E_FK_POSI_I_XK_ORG_P;
prompt Loading XK_APP_APPLICATION...
prompt Table is empty
prompt Loading XK_APP_FUNCGROUP...
insert into XK_APP_FUNCGROUP (id, groupno, funcgroupname, grouplevel, funcgroupseq, isleaf, subcount, app_id, tenant_id, del_flag, createuser, createtime, lastchangeuser, lastchangetime, memo, datastatus, f1, f2, f3, f4, f5, parentid)
values ('402886175caf1387015caf146ee70000', 108, '系统设置', null, null, null, 1, null, '1', 0, 'admin', to_date('16-06-2017 12:06:10', 'dd-mm-yyyy hh24:mi:ss'), null, null, null, 0, null, null, null, null, null, '0');
insert into XK_APP_FUNCGROUP (id, groupno, funcgroupname, grouplevel, funcgroupseq, isleaf, subcount, app_id, tenant_id, del_flag, createuser, createtime, lastchangeuser, lastchangetime, memo, datastatus, f1, f2, f3, f4, f5, parentid)
values ('1', 1, '应用功能管理', 1, '.1.', 'n', 1, null, 'default', 0, null, null, null, null, null, null, null, null, null, null, null, '0');
insert into XK_APP_FUNCGROUP (id, groupno, funcgroupname, grouplevel, funcgroupseq, isleaf, subcount, app_id, tenant_id, del_flag, createuser, createtime, lastchangeuser, lastchangetime, memo, datastatus, f1, f2, f3, f4, f5, parentid)
values ('2', 2, '菜单管理', 1, '.2.', 'n', 1, null, 'default', 0, null, null, null, null, null, null, null, null, null, null, null, '0');
insert into XK_APP_FUNCGROUP (id, groupno, funcgroupname, grouplevel, funcgroupseq, isleaf, subcount, app_id, tenant_id, del_flag, createuser, createtime, lastchangeuser, lastchangetime, memo, datastatus, f1, f2, f3, f4, f5, parentid)
values ('3', 3, '授权管理', 1, '.3.', 'n', 1, null, 'default', 0, null, null, null, null, null, null, null, null, null, null, null, '0');
insert into XK_APP_FUNCGROUP (id, groupno, funcgroupname, grouplevel, funcgroupseq, isleaf, subcount, app_id, tenant_id, del_flag, createuser, createtime, lastchangeuser, lastchangetime, memo, datastatus, f1, f2, f3, f4, f5, parentid)
values ('5', 5, '用户管理', 1, '.5.', 'n', 1, null, 'default', 0, null, null, null, null, null, null, null, null, null, null, null, '0');
insert into XK_APP_FUNCGROUP (id, groupno, funcgroupname, grouplevel, funcgroupseq, isleaf, subcount, app_id, tenant_id, del_flag, createuser, createtime, lastchangeuser, lastchangetime, memo, datastatus, f1, f2, f3, f4, f5, parentid)
values ('6', 6, '组织机构管理', 1, '.6.', 'n', 1, null, 'default', 0, null, null, null, null, null, null, null, null, null, null, null, '0');
insert into XK_APP_FUNCGROUP (id, groupno, funcgroupname, grouplevel, funcgroupseq, isleaf, subcount, app_id, tenant_id, del_flag, createuser, createtime, lastchangeuser, lastchangetime, memo, datastatus, f1, f2, f3, f4, f5, parentid)
values ('7', 7, '工作流程', 1, '.7.', 'n', 1, null, 'default', 0, null, null, null, null, null, null, null, null, null, null, null, '0');
commit;
prompt 7 records loaded
prompt Loading XK_APP_FUNCTION...
insert into XK_APP_FUNCTION (id, funccode, funcname, funcdesc, function_url, parainfo, ischeck, functype, elementid, ismenu, app_id, tenant_id, funcgroupid, del_flag, createuser, createtime, lastchangeuser, lastchangetime, memo, datastatus, f1, f2, f3, f4, f5)
values ('402886175ccef9df015ccf0e32b90003', 'USER_INFO', '个人信息管理', '个人信息管理', 'admin/pages/myInfo', null, null, '0', null, '0', null, '1', '402886175caf1387015caf146ee70000', 0, 'sysadmin', to_date('22-06-2017 17:07:13', 'dd-mm-yyyy hh24:mi:ss'), null, null, null, 0, null, null, null, null, null);
insert into XK_APP_FUNCTION (id, funccode, funcname, funcdesc, function_url, parainfo, ischeck, functype, elementid, ismenu, app_id, tenant_id, funcgroupid, del_flag, createuser, createtime, lastchangeuser, lastchangetime, memo, datastatus, f1, f2, f3, f4, f5)
values ('402886175caf1387015caf155b190001', 'SYS_SETTING', '公司信息设置', '管理公司信息', 'admin/pages/companyInfo', null, null, '0', null, '0', null, '1', '402886175caf1387015caf146ee70000', 0, 'admin', to_date('16-06-2017 12:07:11', 'dd-mm-yyyy hh24:mi:ss'), null, null, null, 0, null, null, null, null, null);
insert into XK_APP_FUNCTION (id, funccode, funcname, funcdesc, function_url, parainfo, ischeck, functype, elementid, ismenu, app_id, tenant_id, funcgroupid, del_flag, createuser, createtime, lastchangeuser, lastchangetime, memo, datastatus, f1, f2, f3, f4, f5)
values ('access_rule', 'access_rule', '访问规则设置', null, '/demo/student2', null, '1', 'page', null, '1', null, 'default', '3', 0, null, to_date('12-06-2017 10:19:31', 'dd-mm-yyyy hh24:mi:ss'), null, null, null, null, null, null, null, null, null);
insert into XK_APP_FUNCTION (id, funccode, funcname, funcdesc, function_url, parainfo, ischeck, functype, elementid, ismenu, app_id, tenant_id, funcgroupid, del_flag, createuser, createtime, lastchangeuser, lastchangetime, memo, datastatus, f1, f2, f3, f4, f5)
values ('application_add', 'application_add', '添加应用', null, '/coframe/framework/application/application_add.jsp', null, '1', 'page', null, '0', null, 'default', '1', 0, null, to_date('12-06-2017 10:19:31', 'dd-mm-yyyy hh24:mi:ss'), null, null, null, null, null, null, null, null, null);
insert into XK_APP_FUNCTION (id, funccode, funcname, funcdesc, function_url, parainfo, ischeck, functype, elementid, ismenu, app_id, tenant_id, funcgroupid, del_flag, createuser, createtime, lastchangeuser, lastchangetime, memo, datastatus, f1, f2, f3, f4, f5)
values ('application_edit', 'application_edit', '修改应用', null, '/coframe/framework/application/application_edit.jsp', null, '1', 'page', null, '0', null, 'default', '1', 0, null, to_date('12-06-2017 10:19:31', 'dd-mm-yyyy hh24:mi:ss'), null, null, null, null, null, null, null, null, null);
insert into XK_APP_FUNCTION (id, funccode, funcname, funcdesc, function_url, parainfo, ischeck, functype, elementid, ismenu, app_id, tenant_id, funcgroupid, del_flag, createuser, createtime, lastchangeuser, lastchangetime, memo, datastatus, f1, f2, f3, f4, f5)
values ('application_manage', 'application_manage', '管理应用功能树', null, 'admin/pages/functionManager', null, '1', '0', null, '1', null, 'default', '1', 0, null, to_date('12-06-2017 10:19:31', 'dd-mm-yyyy hh24:mi:ss'), 'admin', to_date('19-06-2017 16:21:21', 'dd-mm-yyyy hh24:mi:ss'), null, null, null, null, null, null, null);
insert into XK_APP_FUNCTION (id, funccode, funcname, funcdesc, function_url, parainfo, ischeck, functype, elementid, ismenu, app_id, tenant_id, funcgroupid, del_flag, createuser, createtime, lastchangeuser, lastchangetime, memo, datastatus, f1, f2, f3, f4, f5)
values ('auth_graph', 'auth_graph', '权限计算', null, '/coframe/auth/authgraph/auth_graph.jsp', null, '1', 'page', null, '0', null, 'default', '6', 0, null, to_date('12-06-2017 10:19:31', 'dd-mm-yyyy hh24:mi:ss'), null, null, null, null, null, null, null, null, null);
insert into XK_APP_FUNCTION (id, funccode, funcname, funcdesc, function_url, parainfo, ischeck, functype, elementid, ismenu, app_id, tenant_id, funcgroupid, del_flag, createuser, createtime, lastchangeuser, lastchangetime, memo, datastatus, f1, f2, f3, f4, f5)
values ('dict_manager', 'dict_manager', '业务字典管理', null, 'admin/pages/dictManager', null, '1', 'page', null, '1', null, 'default', '3', 0, null, to_date('12-06-2017 10:19:31', 'dd-mm-yyyy hh24:mi:ss'), 'admin', to_date('09-06-2017 11:06:08', 'dd-mm-yyyy hh24:mi:ss'), null, null, null, null, null, null, null);
insert into XK_APP_FUNCTION (id, funccode, funcname, funcdesc, function_url, parainfo, ischeck, functype, elementid, ismenu, app_id, tenant_id, funcgroupid, del_flag, createuser, createtime, lastchangeuser, lastchangetime, memo, datastatus, f1, f2, f3, f4, f5)
values ('employee_add', 'employee_add', '添加员工', null, '/coframe/org/employee/employee_add.jsp', null, '1', 'page', null, '0', null, 'default', '6', 0, null, to_date('12-06-2017 10:19:31', 'dd-mm-yyyy hh24:mi:ss'), null, null, null, null, null, null, null, null, null);
insert into XK_APP_FUNCTION (id, funccode, funcname, funcdesc, function_url, parainfo, ischeck, functype, elementid, ismenu, app_id, tenant_id, funcgroupid, del_flag, createuser, createtime, lastchangeuser, lastchangetime, memo, datastatus, f1, f2, f3, f4, f5)
values ('employee_auth', 'employee_auth', '人员授权', null, '/coframe/org/employee/employee_auth.jsp', null, '1', 'page', null, '0', null, 'default', '3', 0, null, to_date('12-06-2017 10:19:31', 'dd-mm-yyyy hh24:mi:ss'), null, null, null, null, null, null, null, null, null);
insert into XK_APP_FUNCTION (id, funccode, funcname, funcdesc, function_url, parainfo, ischeck, functype, elementid, ismenu, app_id, tenant_id, funcgroupid, del_flag, createuser, createtime, lastchangeuser, lastchangetime, memo, datastatus, f1, f2, f3, f4, f5)
values ('employee_update', 'employee_update', '修改员工', null, '/coframe/org/employee/employee_update.jsp', null, '1', 'page', null, '0', null, 'default', '6', 0, null, to_date('12-06-2017 10:19:31', 'dd-mm-yyyy hh24:mi:ss'), null, null, null, null, null, null, null, null, null);
insert into XK_APP_FUNCTION (id, funccode, funcname, funcdesc, function_url, parainfo, ischeck, functype, elementid, ismenu, app_id, tenant_id, funcgroupid, del_flag, createuser, createtime, lastchangeuser, lastchangetime, memo, datastatus, f1, f2, f3, f4, f5)
values ('funcgroup_add', 'funcgroup_add', '添加功能组', null, '/coframe/framework/functiongroup/funcgroup_add.jsp', null, '1', '1', null, '0', null, 'default', '1', 0, null, to_date('12-06-2017 10:19:31', 'dd-mm-yyyy hh24:mi:ss'), 'admin', to_date('19-06-2017 16:21:09', 'dd-mm-yyyy hh24:mi:ss'), null, null, null, null, null, null, null);
insert into XK_APP_FUNCTION (id, funccode, funcname, funcdesc, function_url, parainfo, ischeck, functype, elementid, ismenu, app_id, tenant_id, funcgroupid, del_flag, createuser, createtime, lastchangeuser, lastchangetime, memo, datastatus, f1, f2, f3, f4, f5)
values ('funcgroup_edit', 'funcgroup_edit', '修改功能组', null, '/coframe/framework/functiongroup/funcgroup_edit.jsp', null, '1', 'page', null, '0', null, 'default', '1', 0, null, to_date('12-06-2017 10:19:31', 'dd-mm-yyyy hh24:mi:ss'), null, null, null, null, null, null, null, null, null);
insert into XK_APP_FUNCTION (id, funccode, funcname, funcdesc, function_url, parainfo, ischeck, functype, elementid, ismenu, app_id, tenant_id, funcgroupid, del_flag, createuser, createtime, lastchangeuser, lastchangetime, memo, datastatus, f1, f2, f3, f4, f5)
values ('function_add', 'function_add', '添加功能', null, '/coframe/framework/function/function_add.jsp', null, '1', 'page', null, '0', null, 'default', '1', 0, null, to_date('12-06-2017 10:19:31', 'dd-mm-yyyy hh24:mi:ss'), null, null, null, null, null, null, null, null, null);
insert into XK_APP_FUNCTION (id, funccode, funcname, funcdesc, function_url, parainfo, ischeck, functype, elementid, ismenu, app_id, tenant_id, funcgroupid, del_flag, createuser, createtime, lastchangeuser, lastchangetime, memo, datastatus, f1, f2, f3, f4, f5)
values ('function_edit', 'function_edit', '修改功能', null, '/coframe/framework/function/function_edit.jsp', null, '1', 'page', null, '0', null, 'default', '1', 0, null, to_date('12-06-2017 10:19:31', 'dd-mm-yyyy hh24:mi:ss'), null, null, null, null, null, null, null, null, null);
insert into XK_APP_FUNCTION (id, funccode, funcname, funcdesc, function_url, parainfo, ischeck, functype, elementid, ismenu, app_id, tenant_id, funcgroupid, del_flag, createuser, createtime, lastchangeuser, lastchangetime, memo, datastatus, f1, f2, f3, f4, f5)
values ('function_role_auth', 'function_role_auth', '功能授权', null, 'admin/pages/roleauthManager', null, '1', 'page', null, '0', null, 'default', '3', 0, null, to_date('12-06-2017 10:19:31', 'dd-mm-yyyy hh24:mi:ss'), 'admin', to_date('09-06-2017 16:38:14', 'dd-mm-yyyy hh24:mi:ss'), null, null, null, null, null, null, null);
insert into XK_APP_FUNCTION (id, funccode, funcname, funcdesc, function_url, parainfo, ischeck, functype, elementid, ismenu, app_id, tenant_id, funcgroupid, del_flag, createuser, createtime, lastchangeuser, lastchangetime, memo, datastatus, f1, f2, f3, f4, f5)
values ('groupTree', 'groupTree', '工作组管理', null, 'admin/pages/workGroupManager', null, '1', 'page', null, '1', null, 'default', '6', 0, null, to_date('12-06-2017 10:19:31', 'dd-mm-yyyy hh24:mi:ss'), 'admin', to_date('13-06-2017 11:46:27', 'dd-mm-yyyy hh24:mi:ss'), null, null, null, null, null, null, null);
insert into XK_APP_FUNCTION (id, funccode, funcname, funcdesc, function_url, parainfo, ischeck, functype, elementid, ismenu, app_id, tenant_id, funcgroupid, del_flag, createuser, createtime, lastchangeuser, lastchangetime, memo, datastatus, f1, f2, f3, f4, f5)
values ('menu_add', 'menu_add', '添加菜单', null, '/coframe/framework/menu/menu_add.jsp', null, '1', 'page', null, '0', null, 'default', '2', 0, null, to_date('12-06-2017 10:19:31', 'dd-mm-yyyy hh24:mi:ss'), null, null, null, null, null, null, null, null, null);
insert into XK_APP_FUNCTION (id, funccode, funcname, funcdesc, function_url, parainfo, ischeck, functype, elementid, ismenu, app_id, tenant_id, funcgroupid, del_flag, createuser, createtime, lastchangeuser, lastchangetime, memo, datastatus, f1, f2, f3, f4, f5)
values ('menu_edit', 'menu_edit', '修改菜单', null, '/coframe/framework/menu/menu_edit.jsp', null, '1', 'page', null, '0', null, 'default', '2', 0, null, to_date('12-06-2017 10:19:31', 'dd-mm-yyyy hh24:mi:ss'), null, null, null, null, null, null, null, null, null);
insert into XK_APP_FUNCTION (id, funccode, funcname, funcdesc, function_url, parainfo, ischeck, functype, elementid, ismenu, app_id, tenant_id, funcgroupid, del_flag, createuser, createtime, lastchangeuser, lastchangetime, memo, datastatus, f1, f2, f3, f4, f5)
values ('menu_manage', 'menu_manage', '管理菜单树', null, 'admin/pages/menuManager', null, '1', 'page', null, '1', null, 'default', '2', 0, null, to_date('12-06-2017 10:19:31', 'dd-mm-yyyy hh24:mi:ss'), null, null, null, null, null, null, null, null, null);
insert into XK_APP_FUNCTION (id, funccode, funcname, funcdesc, function_url, parainfo, ischeck, functype, elementid, ismenu, app_id, tenant_id, funcgroupid, del_flag, createuser, createtime, lastchangeuser, lastchangetime, memo, datastatus, f1, f2, f3, f4, f5)
values ('my_process', 'my_process', '我的流程', null, '/bps/wfclient/common/myprocesses.jsp', null, '1', 'page', null, '1', null, 'default', '7', 0, null, to_date('12-06-2017 10:19:31', 'dd-mm-yyyy hh24:mi:ss'), null, null, null, null, null, null, null, null, null);
insert into XK_APP_FUNCTION (id, funccode, funcname, funcdesc, function_url, parainfo, ischeck, functype, elementid, ismenu, app_id, tenant_id, funcgroupid, del_flag, createuser, createtime, lastchangeuser, lastchangetime, memo, datastatus, f1, f2, f3, f4, f5)
values ('my_task', 'my_task', '我的任务', null, '/bps/wfclient/common/mytasks.jsp', null, '1', 'page', null, '1', null, 'default', '7', 0, null, to_date('12-06-2017 10:19:31', 'dd-mm-yyyy hh24:mi:ss'), null, null, null, null, null, null, null, null, null);
insert into XK_APP_FUNCTION (id, funccode, funcname, funcdesc, function_url, parainfo, ischeck, functype, elementid, ismenu, app_id, tenant_id, funcgroupid, del_flag, createuser, createtime, lastchangeuser, lastchangetime, memo, datastatus, f1, f2, f3, f4, f5)
values ('org_add', 'org_add', '添加机构', null, '/coframe/org/organization/org_add.jsp', null, '1', 'page', null, '1', null, 'default', '6', 0, null, to_date('12-06-2017 10:19:31', 'dd-mm-yyyy hh24:mi:ss'), null, null, null, null, null, null, null, null, null);
insert into XK_APP_FUNCTION (id, funccode, funcname, funcdesc, function_url, parainfo, ischeck, functype, elementid, ismenu, app_id, tenant_id, funcgroupid, del_flag, createuser, createtime, lastchangeuser, lastchangetime, memo, datastatus, f1, f2, f3, f4, f5)
values ('org_auth', 'org_auth', '机构授权', null, '/coframe/org/organization/org_auth.jsp', null, '1', 'page', null, '0', null, 'default', '3', 0, null, to_date('12-06-2017 10:19:31', 'dd-mm-yyyy hh24:mi:ss'), null, null, null, null, null, null, null, null, null);
insert into XK_APP_FUNCTION (id, funccode, funcname, funcdesc, function_url, parainfo, ischeck, functype, elementid, ismenu, app_id, tenant_id, funcgroupid, del_flag, createuser, createtime, lastchangeuser, lastchangetime, memo, datastatus, f1, f2, f3, f4, f5)
values ('org_tree', 'org_tree', '管理机构树', null, 'admin/pages/organizationManager', null, '1', '0', null, '1', null, 'default', '6', 0, null, to_date('12-06-2017 10:19:31', 'dd-mm-yyyy hh24:mi:ss'), 'admin', to_date('13-06-2017 11:43:24', 'dd-mm-yyyy hh24:mi:ss'), null, null, null, null, null, null, null);
insert into XK_APP_FUNCTION (id, funccode, funcname, funcdesc, function_url, parainfo, ischeck, functype, elementid, ismenu, app_id, tenant_id, funcgroupid, del_flag, createuser, createtime, lastchangeuser, lastchangetime, memo, datastatus, f1, f2, f3, f4, f5)
values ('org_update', 'org_update', '修改机构', null, '/coframe/org/organization/org_update.jsp', null, '1', 'page', null, '0', null, 'default', '6', 0, null, to_date('12-06-2017 10:19:31', 'dd-mm-yyyy hh24:mi:ss'), null, null, null, null, null, null, null, null, null);
insert into XK_APP_FUNCTION (id, funccode, funcname, funcdesc, function_url, parainfo, ischeck, functype, elementid, ismenu, app_id, tenant_id, funcgroupid, del_flag, createuser, createtime, lastchangeuser, lastchangetime, memo, datastatus, f1, f2, f3, f4, f5)
values ('party_auth', 'party_auth', '权限设置', null, '/coframe/auth/partyauth/auth.jsp', null, '1', 'page', null, '0', null, 'default', '6', 0, null, to_date('12-06-2017 10:19:31', 'dd-mm-yyyy hh24:mi:ss'), null, null, null, null, null, null, null, null, null);
insert into XK_APP_FUNCTION (id, funccode, funcname, funcdesc, function_url, parainfo, ischeck, functype, elementid, ismenu, app_id, tenant_id, funcgroupid, del_flag, createuser, createtime, lastchangeuser, lastchangetime, memo, datastatus, f1, f2, f3, f4, f5)
values ('position_auth', 'position_auth', '岗位授权', null, '/coframe/org/position/position_auth.jsp', null, '1', 'page', null, '0', null, 'default', '3', 0, null, to_date('12-06-2017 10:19:31', 'dd-mm-yyyy hh24:mi:ss'), null, null, null, null, null, null, null, null, null);
insert into XK_APP_FUNCTION (id, funccode, funcname, funcdesc, function_url, parainfo, ischeck, functype, elementid, ismenu, app_id, tenant_id, funcgroupid, del_flag, createuser, createtime, lastchangeuser, lastchangetime, memo, datastatus, f1, f2, f3, f4, f5)
values ('position_org_add', 'position_org_add', '添加岗位', null, '/coframe/org/position/position_org_add.jsp', null, '1', 'page', null, '0', null, 'default', '6', 0, null, to_date('12-06-2017 10:19:31', 'dd-mm-yyyy hh24:mi:ss'), null, null, null, null, null, null, null, null, null);
insert into XK_APP_FUNCTION (id, funccode, funcname, funcdesc, function_url, parainfo, ischeck, functype, elementid, ismenu, app_id, tenant_id, funcgroupid, del_flag, createuser, createtime, lastchangeuser, lastchangetime, memo, datastatus, f1, f2, f3, f4, f5)
values ('position_org_update', 'position_org_update', '修改岗位', null, '/coframe/org/position/position_org_update.jsp', null, '1', 'page', null, '0', null, 'default', '6', 0, null, to_date('12-06-2017 10:19:31', 'dd-mm-yyyy hh24:mi:ss'), null, null, null, null, null, null, null, null, null);
insert into XK_APP_FUNCTION (id, funccode, funcname, funcdesc, function_url, parainfo, ischeck, functype, elementid, ismenu, app_id, tenant_id, funcgroupid, del_flag, createuser, createtime, lastchangeuser, lastchangetime, memo, datastatus, f1, f2, f3, f4, f5)
values ('query_agent', 'query_agent', '查看代理', null, '/bps/wfclient/agent/myAgent.jsp', null, '1', 'page', null, '1', null, 'default', '7', 0, null, to_date('12-06-2017 10:19:31', 'dd-mm-yyyy hh24:mi:ss'), null, null, null, null, null, null, null, null, null);
insert into XK_APP_FUNCTION (id, funccode, funcname, funcdesc, function_url, parainfo, ischeck, functype, elementid, ismenu, app_id, tenant_id, funcgroupid, del_flag, createuser, createtime, lastchangeuser, lastchangetime, memo, datastatus, f1, f2, f3, f4, f5)
values ('reset_password', 'reset_password', '重置密码', null, '/coframe/rights/user/reset_password.jsp', null, '1', 'page', null, '0', null, 'default', '5', 0, null, to_date('12-06-2017 10:19:31', 'dd-mm-yyyy hh24:mi:ss'), null, null, null, null, null, null, null, null, null);
insert into XK_APP_FUNCTION (id, funccode, funcname, funcdesc, function_url, parainfo, ischeck, functype, elementid, ismenu, app_id, tenant_id, funcgroupid, del_flag, createuser, createtime, lastchangeuser, lastchangetime, memo, datastatus, f1, f2, f3, f4, f5)
values ('role_add', 'role_add', '添加角色', null, '/coframe/rights/role/role_add.jsp', null, '1', '1', null, '0', null, 'default', '3', 0, null, to_date('12-06-2017 10:19:31', 'dd-mm-yyyy hh24:mi:ss'), 'sysadmin', to_date('23-06-2017 13:59:08', 'dd-mm-yyyy hh24:mi:ss'), null, null, null, null, null, null, null);
insert into XK_APP_FUNCTION (id, funccode, funcname, funcdesc, function_url, parainfo, ischeck, functype, elementid, ismenu, app_id, tenant_id, funcgroupid, del_flag, createuser, createtime, lastchangeuser, lastchangetime, memo, datastatus, f1, f2, f3, f4, f5)
values ('role_auth', 'role_auth', '授权管理', null, 'admin/pages/authManager', null, '1', 'page', null, '1', null, 'default', '3', 0, null, to_date('12-06-2017 10:19:31', 'dd-mm-yyyy hh24:mi:ss'), 'admin', to_date('09-06-2017 16:36:44', 'dd-mm-yyyy hh24:mi:ss'), null, null, null, null, null, null, null);
insert into XK_APP_FUNCTION (id, funccode, funcname, funcdesc, function_url, parainfo, ischeck, functype, elementid, ismenu, app_id, tenant_id, funcgroupid, del_flag, createuser, createtime, lastchangeuser, lastchangetime, memo, datastatus, f1, f2, f3, f4, f5)
values ('role_manager', 'role_manager', '角色管理', null, 'admin/pages/roleManager', null, '1', 'page', null, '1', null, 'default', '3', 0, null, to_date('12-06-2017 10:19:31', 'dd-mm-yyyy hh24:mi:ss'), 'admin', to_date('09-06-2017 16:50:38', 'dd-mm-yyyy hh24:mi:ss'), null, null, null, null, null, null, null);
insert into XK_APP_FUNCTION (id, funccode, funcname, funcdesc, function_url, parainfo, ischeck, functype, elementid, ismenu, app_id, tenant_id, funcgroupid, del_flag, createuser, createtime, lastchangeuser, lastchangetime, memo, datastatus, f1, f2, f3, f4, f5)
values ('role_update', 'role_update', '修改角色', null, '/coframe/rights/role/role_update.jsp', null, '1', 'page', null, '0', null, 'default', '3', 0, null, to_date('12-06-2017 10:19:31', 'dd-mm-yyyy hh24:mi:ss'), null, null, null, null, null, null, null, null, null);
insert into XK_APP_FUNCTION (id, funccode, funcname, funcdesc, function_url, parainfo, ischeck, functype, elementid, ismenu, app_id, tenant_id, funcgroupid, del_flag, createuser, createtime, lastchangeuser, lastchangetime, memo, datastatus, f1, f2, f3, f4, f5)
values ('set_agent', 'set_agent', '代理设置', null, '/bps/wfclient/agent/agentList.jsp', null, '1', 'page', null, '1', null, 'default', '7', 0, null, to_date('12-06-2017 10:19:31', 'dd-mm-yyyy hh24:mi:ss'), null, null, null, null, null, null, null, null, null);
insert into XK_APP_FUNCTION (id, funccode, funcname, funcdesc, function_url, parainfo, ischeck, functype, elementid, ismenu, app_id, tenant_id, funcgroupid, del_flag, createuser, createtime, lastchangeuser, lastchangetime, memo, datastatus, f1, f2, f3, f4, f5)
values ('start_process', 'start_process', '启动流程', null, '/bps/wfclient/process/processManager.jsp', null, '1', 'page', null, '1', null, 'default', '7', 0, null, to_date('12-06-2017 10:19:31', 'dd-mm-yyyy hh24:mi:ss'), null, null, null, null, null, null, null, null, null);
insert into XK_APP_FUNCTION (id, funccode, funcname, funcdesc, function_url, parainfo, ischeck, functype, elementid, ismenu, app_id, tenant_id, funcgroupid, del_flag, createuser, createtime, lastchangeuser, lastchangetime, memo, datastatus, f1, f2, f3, f4, f5)
values ('user_add', 'user_add', '添加用户', null, '/coframe/rights/user/user_add.jsp', null, '1', 'page', null, '0', null, 'default', '5', 0, null, to_date('12-06-2017 10:19:31', 'dd-mm-yyyy hh24:mi:ss'), null, null, null, null, null, null, null, null, null);
insert into XK_APP_FUNCTION (id, funccode, funcname, funcdesc, function_url, parainfo, ischeck, functype, elementid, ismenu, app_id, tenant_id, funcgroupid, del_flag, createuser, createtime, lastchangeuser, lastchangetime, memo, datastatus, f1, f2, f3, f4, f5)
values ('user_list', 'user_list', '查看用户列表', null, 'admin/pages/userManager', null, '1', 'page', null, '1', null, 'default', '5', 0, null, to_date('12-06-2017 10:19:31', 'dd-mm-yyyy hh24:mi:ss'), 'admin', to_date('09-06-2017 16:50:11', 'dd-mm-yyyy hh24:mi:ss'), null, null, null, null, null, null, null);
insert into XK_APP_FUNCTION (id, funccode, funcname, funcdesc, function_url, parainfo, ischeck, functype, elementid, ismenu, app_id, tenant_id, funcgroupid, del_flag, createuser, createtime, lastchangeuser, lastchangetime, memo, datastatus, f1, f2, f3, f4, f5)
values ('user_update', 'user_update', '修改用户', null, '/coframe/rights/user/user_update.jsp', null, '1', 'page', null, '0', null, 'default', '5', 0, null, to_date('12-06-2017 10:19:31', 'dd-mm-yyyy hh24:mi:ss'), null, null, null, null, null, null, null, null, null);
commit;
prompt 41 records loaded
prompt Loading XK_APP_MENU...
insert into XK_APP_MENU (id, menuno, menuname, menulabel, menucode, isleaf, parameter, uientry, menulevel, rootid, displayorder, imagepath, expandpath, menuseq, openmode, subcount, funid, app_id, parentid, tenant_id, system_flag, del_flag, createuser, createtime, lastchangeuser, lastchangetime, memo, datastatus, f1, f2, f3, f4, f5)
values ('40284a815c8bf850015c8bfe2ba50003', null, '角色授权', '角色授权', 'role_auth', '0', null, null, 0, null, 1, null, null, null, null, null, 'function_role_auth', null, '1', '1', null, 0, 'admin', to_date('09-06-2017 16:35:09', 'dd-mm-yyyy hh24:mi:ss'), 'admin', to_date('09-06-2017 16:47:37', 'dd-mm-yyyy hh24:mi:ss'), null, 0, null, null, null, null, null);
insert into XK_APP_MENU (id, menuno, menuname, menulabel, menucode, isleaf, parameter, uientry, menulevel, rootid, displayorder, imagepath, expandpath, menuseq, openmode, subcount, funid, app_id, parentid, tenant_id, system_flag, del_flag, createuser, createtime, lastchangeuser, lastchangetime, memo, datastatus, f1, f2, f3, f4, f5)
values ('402886175ccef9df015ccf0f06650004', null, '个人信息设置', '个人信息设置', 'MENU_USER_INFO', '0', null, null, 0, null, 1, null, null, null, null, null, '402886175ccef9df015ccf0e32b90003', null, '402886175caf1387015caf162a2f0002', '1', null, 0, 'sysadmin', to_date('22-06-2017 17:08:07', 'dd-mm-yyyy hh24:mi:ss'), null, null, null, 0, null, null, null, null, null);
insert into XK_APP_MENU (id, menuno, menuname, menulabel, menucode, isleaf, parameter, uientry, menulevel, rootid, displayorder, imagepath, expandpath, menuseq, openmode, subcount, funid, app_id, parentid, tenant_id, system_flag, del_flag, createuser, createtime, lastchangeuser, lastchangetime, memo, datastatus, f1, f2, f3, f4, f5)
values ('1', 1, '权限管理', '权限管理', 'menu_auth', '1', null, null, 1, null, 1, null, null, '.1.', null, '6', null, null, '0', 'default', null, 0, null, null, null, null, null, null, null, null, null, null, null);
insert into XK_APP_MENU (id, menuno, menuname, menulabel, menucode, isleaf, parameter, uientry, menulevel, rootid, displayorder, imagepath, expandpath, menuseq, openmode, subcount, funid, app_id, parentid, tenant_id, system_flag, del_flag, createuser, createtime, lastchangeuser, lastchangetime, memo, datastatus, f1, f2, f3, f4, f5)
values ('402886175caf1387015caf162a2f0002', null, '系统设置', '系统设置', 'SYS_SETTING', '1', null, null, 0, null, 1, null, null, null, null, null, null, null, '0', '1', null, 0, 'admin', to_date('16-06-2017 12:08:04', 'dd-mm-yyyy hh24:mi:ss'), null, null, null, 0, null, null, null, null, null);
insert into XK_APP_MENU (id, menuno, menuname, menulabel, menucode, isleaf, parameter, uientry, menulevel, rootid, displayorder, imagepath, expandpath, menuseq, openmode, subcount, funid, app_id, parentid, tenant_id, system_flag, del_flag, createuser, createtime, lastchangeuser, lastchangetime, memo, datastatus, f1, f2, f3, f4, f5)
values ('402886175caf1387015caf16d0af0003', null, '公司信息设置', '公司信息设置', 'MENU_COMPANY_INFO', '0', null, null, 0, null, 1, null, null, null, null, null, '402886175caf1387015caf155b190001', null, '402886175caf1387015caf162a2f0002', '1', null, 0, 'admin', to_date('16-06-2017 12:08:47', 'dd-mm-yyyy hh24:mi:ss'), null, null, null, 0, null, null, null, null, null);
insert into XK_APP_MENU (id, menuno, menuname, menulabel, menucode, isleaf, parameter, uientry, menulevel, rootid, displayorder, imagepath, expandpath, menuseq, openmode, subcount, funid, app_id, parentid, tenant_id, system_flag, del_flag, createuser, createtime, lastchangeuser, lastchangetime, memo, datastatus, f1, f2, f3, f4, f5)
values ('11', 11, '我的任务', '我的任务', 'menu_my_task', '0', null, null, 2, null, 1, null, null, '.9.11.', null, '0', 'my_task', null, '9', 'default', null, 0, null, null, null, null, null, null, null, null, null, null, null);
insert into XK_APP_MENU (id, menuno, menuname, menulabel, menucode, isleaf, parameter, uientry, menulevel, rootid, displayorder, imagepath, expandpath, menuseq, openmode, subcount, funid, app_id, parentid, tenant_id, system_flag, del_flag, createuser, createtime, lastchangeuser, lastchangetime, memo, datastatus, f1, f2, f3, f4, f5)
values ('12', 12, '我的流程', '我的流程', 'menu_my_process', '0', null, null, 2, null, 2, null, null, '.9.12.', null, '0', 'my_process', null, '9', 'default', null, 0, null, null, null, null, null, null, null, null, null, null, null);
insert into XK_APP_MENU (id, menuno, menuname, menulabel, menucode, isleaf, parameter, uientry, menulevel, rootid, displayorder, imagepath, expandpath, menuseq, openmode, subcount, funid, app_id, parentid, tenant_id, system_flag, del_flag, createuser, createtime, lastchangeuser, lastchangetime, memo, datastatus, f1, f2, f3, f4, f5)
values ('13', 13, '启动流程', '启动流程', 'menu_start_process', '0', null, null, 2, null, 3, null, null, '.9.13.', null, '0', 'start_process', null, '9', 'default', null, 0, null, null, null, null, null, null, null, null, null, null, null);
insert into XK_APP_MENU (id, menuno, menuname, menulabel, menucode, isleaf, parameter, uientry, menulevel, rootid, displayorder, imagepath, expandpath, menuseq, openmode, subcount, funid, app_id, parentid, tenant_id, system_flag, del_flag, createuser, createtime, lastchangeuser, lastchangetime, memo, datastatus, f1, f2, f3, f4, f5)
values ('14', 14, '代理设置', '代理设置', 'menu_set_agent', '0', null, null, 2, null, 4, null, null, '.9.14.', null, '0', 'set_agent', null, '9', 'default', null, 0, null, null, null, null, null, null, null, null, null, null, null);
insert into XK_APP_MENU (id, menuno, menuname, menulabel, menucode, isleaf, parameter, uientry, menulevel, rootid, displayorder, imagepath, expandpath, menuseq, openmode, subcount, funid, app_id, parentid, tenant_id, system_flag, del_flag, createuser, createtime, lastchangeuser, lastchangetime, memo, datastatus, f1, f2, f3, f4, f5)
values ('15', 15, '查看代理', '查看代理', 'menu_query_agent', '0', null, null, 2, null, 5, null, null, '.9.15.', null, '0', 'query_agent', null, '9', 'default', null, 0, null, null, null, null, null, null, null, null, null, null, null);
insert into XK_APP_MENU (id, menuno, menuname, menulabel, menucode, isleaf, parameter, uientry, menulevel, rootid, displayorder, imagepath, expandpath, menuseq, openmode, subcount, funid, app_id, parentid, tenant_id, system_flag, del_flag, createuser, createtime, lastchangeuser, lastchangetime, memo, datastatus, f1, f2, f3, f4, f5)
values ('2', 2, '组织管理', '组织管理', 'menu_org', '1', null, null, 1, null, 2, null, null, '.2.', null, '1', null, null, '0', 'default', null, 0, null, null, null, null, null, null, null, null, null, null, null);
insert into XK_APP_MENU (id, menuno, menuname, menulabel, menucode, isleaf, parameter, uientry, menulevel, rootid, displayorder, imagepath, expandpath, menuseq, openmode, subcount, funid, app_id, parentid, tenant_id, system_flag, del_flag, createuser, createtime, lastchangeuser, lastchangetime, memo, datastatus, f1, f2, f3, f4, f5)
values ('3', 3, '应用功能管理', '应用功能管理', 'menu_app_function', '0', null, null, 2, null, 1, null, null, '.1.3.', null, '0', 'application_manage', null, '1', 'default', null, 0, null, null, null, null, null, null, null, null, null, null, null);
insert into XK_APP_MENU (id, menuno, menuname, menulabel, menucode, isleaf, parameter, uientry, menulevel, rootid, displayorder, imagepath, expandpath, menuseq, openmode, subcount, funid, app_id, parentid, tenant_id, system_flag, del_flag, createuser, createtime, lastchangeuser, lastchangetime, memo, datastatus, f1, f2, f3, f4, f5)
values ('4', 4, '菜单管理', '菜单管理', 'menu_menu_manager', '0', null, null, 2, null, 2, null, null, '.1.4.', null, '0', 'menu_manage', null, '1', 'default', null, 0, null, null, null, null, null, null, null, null, null, null, null);
insert into XK_APP_MENU (id, menuno, menuname, menulabel, menucode, isleaf, parameter, uientry, menulevel, rootid, displayorder, imagepath, expandpath, menuseq, openmode, subcount, funid, app_id, parentid, tenant_id, system_flag, del_flag, createuser, createtime, lastchangeuser, lastchangetime, memo, datastatus, f1, f2, f3, f4, f5)
values ('5', 5, '授权管理', '授权管理', 'menu_auth', '0', null, null, 2, null, 6, null, null, '.1.5.', null, '0', 'role_auth', null, '1', 'default', null, 0, null, null, null, null, null, null, null, null, null, null, null);
insert into XK_APP_MENU (id, menuno, menuname, menulabel, menucode, isleaf, parameter, uientry, menulevel, rootid, displayorder, imagepath, expandpath, menuseq, openmode, subcount, funid, app_id, parentid, tenant_id, system_flag, del_flag, createuser, createtime, lastchangeuser, lastchangetime, memo, datastatus, f1, f2, f3, f4, f5)
values ('50', 50, '菜单访问规则', '菜单访问规则', 'menu_access_rule', '0', null, null, 0, null, 1, null, null, '.1.50.', null, '0', 'access_rule', null, '1', 'default', null, 0, null, null, 'admin', to_date('09-06-2017 11:20:31', 'dd-mm-yyyy hh24:mi:ss'), null, null, null, null, null, null, null);
insert into XK_APP_MENU (id, menuno, menuname, menulabel, menucode, isleaf, parameter, uientry, menulevel, rootid, displayorder, imagepath, expandpath, menuseq, openmode, subcount, funid, app_id, parentid, tenant_id, system_flag, del_flag, createuser, createtime, lastchangeuser, lastchangetime, memo, datastatus, f1, f2, f3, f4, f5)
values ('51', 51, '业务字典管理', '业务字典管理', 'menu_dict_manager', '0', null, null, 0, null, 1, null, null, '.1.51.', null, '0', 'dict_manager', null, '1', 'default', null, 0, null, null, 'admin', to_date('09-06-2017 11:19:09', 'dd-mm-yyyy hh24:mi:ss'), null, null, null, null, null, null, null);
insert into XK_APP_MENU (id, menuno, menuname, menulabel, menucode, isleaf, parameter, uientry, menulevel, rootid, displayorder, imagepath, expandpath, menuseq, openmode, subcount, funid, app_id, parentid, tenant_id, system_flag, del_flag, createuser, createtime, lastchangeuser, lastchangetime, memo, datastatus, f1, f2, f3, f4, f5)
values ('52', 52, '工作组管理', '工作组管理', 'groupconfig', '0', null, null, 2, null, null, null, null, '.2.52.', null, '0', 'groupTree', null, '2', 'default', null, 0, null, null, null, null, null, null, null, null, null, null, null);
insert into XK_APP_MENU (id, menuno, menuname, menulabel, menucode, isleaf, parameter, uientry, menulevel, rootid, displayorder, imagepath, expandpath, menuseq, openmode, subcount, funid, app_id, parentid, tenant_id, system_flag, del_flag, createuser, createtime, lastchangeuser, lastchangetime, memo, datastatus, f1, f2, f3, f4, f5)
values ('6', 6, '角色管理', '角色管理', 'menu_role_manager', '0', null, null, 2, null, 3, null, null, '.1.6.', null, '0', 'role_manager', null, '1', 'default', null, 0, null, null, null, null, null, null, null, null, null, null, null);
insert into XK_APP_MENU (id, menuno, menuname, menulabel, menucode, isleaf, parameter, uientry, menulevel, rootid, displayorder, imagepath, expandpath, menuseq, openmode, subcount, funid, app_id, parentid, tenant_id, system_flag, del_flag, createuser, createtime, lastchangeuser, lastchangetime, memo, datastatus, f1, f2, f3, f4, f5)
values ('7', 7, '用户管理', '用户管理', 'menu_user_manager', '0', null, null, 2, null, 5, null, null, '.1.7.', null, '0', 'user_list', null, '1', 'default', null, 0, null, null, null, null, null, null, null, null, null, null, null);
insert into XK_APP_MENU (id, menuno, menuname, menulabel, menucode, isleaf, parameter, uientry, menulevel, rootid, displayorder, imagepath, expandpath, menuseq, openmode, subcount, funid, app_id, parentid, tenant_id, system_flag, del_flag, createuser, createtime, lastchangeuser, lastchangetime, memo, datastatus, f1, f2, f3, f4, f5)
values ('8', 8, '组织机构管理', '组织机构管理', 'menu_org_manager', '0', null, null, 2, null, 1, null, null, '.2.8.', null, '0', 'org_tree', null, '2', 'default', null, 0, null, null, null, null, null, null, null, null, null, null, null);
insert into XK_APP_MENU (id, menuno, menuname, menulabel, menucode, isleaf, parameter, uientry, menulevel, rootid, displayorder, imagepath, expandpath, menuseq, openmode, subcount, funid, app_id, parentid, tenant_id, system_flag, del_flag, createuser, createtime, lastchangeuser, lastchangetime, memo, datastatus, f1, f2, f3, f4, f5)
values ('9', 9, '工作流程', '工作流程', 'menu_process', '1', null, null, 1, null, 3, null, null, '.9.', null, '4', null, null, '0', 'default', null, 0, null, null, null, null, null, null, null, null, null, null, null);
commit;
prompt 21 records loaded
prompt Loading XK_CAP_ROLE...
insert into XK_CAP_ROLE (id, tenant_id, role_code, role_name, role_desc, del_flag, createuser, createtime, lastchangeuser, lastchangetime, memo, datastatus, f1, f2, f3, f4, f5)
values ('402886175cbf0e3b015cbf11f21d0000', null, 'ROLE003', '测试角色', '测试角色', 0, 'admin', to_date('19-06-2017 14:37:23', 'dd-mm-yyyy hh24:mi:ss'), null, null, null, 0, null, null, null, null, null);
insert into XK_CAP_ROLE (id, tenant_id, role_code, role_name, role_desc, del_flag, createuser, createtime, lastchangeuser, lastchangetime, memo, datastatus, f1, f2, f3, f4, f5)
values ('402886175ca54c0d015ca59777010003', null, 'ROLE002', '用户管理员', '系统角色', 0, 'admin', to_date('14-06-2017 15:53:06', 'dd-mm-yyyy hh24:mi:ss'), null, null, null, 0, null, null, null, null, null);
insert into XK_CAP_ROLE (id, tenant_id, role_code, role_name, role_desc, del_flag, createuser, createtime, lastchangeuser, lastchangetime, memo, datastatus, f1, f2, f3, f4, f5)
values ('1', null, 'ROLE001', '超级管理员', '超级管理员', 0, null, null, null, null, null, null, null, null, null, null, null);
commit;
prompt 3 records loaded
prompt Loading XK_CAP_PARTYAUTH...
insert into XK_CAP_PARTYAUTH (id, role_type, party_id, party_type, role_id, tenant_id, createuser, createtime, lastchangeuser, lastchangetime, memo, datastatus, del_flag, f1, f2, f3, f4, f5)
values ('402886175cbf0e3b015cbf12d97a0012', '1', '402886175ca9a075015ca9aa8f570001', '1', '402886175cbf0e3b015cbf11f21d0000', '1', 'admin', to_date('19-06-2017 14:38:22', 'dd-mm-yyyy hh24:mi:ss'), null, null, null, 0, 0, null, null, null, null, null);
insert into XK_CAP_PARTYAUTH (id, role_type, party_id, party_type, role_id, tenant_id, createuser, createtime, lastchangeuser, lastchangetime, memo, datastatus, del_flag, f1, f2, f3, f4, f5)
values ('402886175cbf0e3b015cbf12d9870013', '1', '402886175ca9a075015ca9aa8f570001', '1', '402886175ca54c0d015ca59777010003', '1', 'admin', to_date('19-06-2017 14:38:22', 'dd-mm-yyyy hh24:mi:ss'), 'admin', to_date('19-06-2017 14:38:37', 'dd-mm-yyyy hh24:mi:ss'), null, 0, 1, null, null, null, null, null);
insert into XK_CAP_PARTYAUTH (id, role_type, party_id, party_type, role_id, tenant_id, createuser, createtime, lastchangeuser, lastchangetime, memo, datastatus, del_flag, f1, f2, f3, f4, f5)
values ('402886175cc331a1015cc337f87f0003', '角色', '402881ec5ca03fd4015ca04a22a90000', 'MENU', '402886175ca54c0d015ca59777010003', '1', 'admin', to_date('20-06-2017 09:57:24', 'dd-mm-yyyy hh24:mi:ss'), null, null, null, 0, 0, null, null, null, null, null);
insert into XK_CAP_PARTYAUTH (id, role_type, party_id, party_type, role_id, tenant_id, createuser, createtime, lastchangeuser, lastchangetime, memo, datastatus, del_flag, f1, f2, f3, f4, f5)
values ('402886175cbdd9ff015cbded15860003', '1', '402886175ca9a075015ca9aa8f570001', '1', '402886175ca54c0d015ca59777010003', '1', 'admin', to_date('19-06-2017 09:17:30', 'dd-mm-yyyy hh24:mi:ss'), 'admin', to_date('19-06-2017 14:34:42', 'dd-mm-yyyy hh24:mi:ss'), null, 0, 1, null, null, null, null, null);
insert into XK_CAP_PARTYAUTH (id, role_type, party_id, party_type, role_id, tenant_id, createuser, createtime, lastchangeuser, lastchangetime, memo, datastatus, del_flag, f1, f2, f3, f4, f5)
values ('402886175cbf3403015cbf373ab90006', 'role', '1111111', 'role', '1', '1', 'admin', to_date('19-06-2017 15:18:06', 'dd-mm-yyyy hh24:mi:ss'), null, null, null, 0, 0, null, null, null, null, null);
insert into XK_CAP_PARTYAUTH (id, role_type, party_id, party_type, role_id, tenant_id, createuser, createtime, lastchangeuser, lastchangetime, memo, datastatus, del_flag, f1, f2, f3, f4, f5)
values ('402886175cc8be88015cc8c814980005', 'ROLE', '402886175c9eeedb015c9f8fd3010001', 'MENU', '402886175ca54c0d015ca59777010003', '1', 'admin', to_date('21-06-2017 11:52:54', 'dd-mm-yyyy hh24:mi:ss'), null, null, null, 0, 0, null, null, null, null, null);
insert into XK_CAP_PARTYAUTH (id, role_type, party_id, party_type, role_id, tenant_id, createuser, createtime, lastchangeuser, lastchangetime, memo, datastatus, del_flag, f1, f2, f3, f4, f5)
values ('402886175cc8be88015cc8ce1d4e0009', 'ROLE', '402886175ca54c0d015ca58695fd0002', 'ORGANIZATION', '402886175ca54c0d015ca59777010003', '1', 'admin', to_date('21-06-2017 11:59:30', 'dd-mm-yyyy hh24:mi:ss'), 'admin', to_date('21-06-2017 12:01:26', 'dd-mm-yyyy hh24:mi:ss'), null, 0, 1, null, null, null, null, null);
insert into XK_CAP_PARTYAUTH (id, role_type, party_id, party_type, role_id, tenant_id, createuser, createtime, lastchangeuser, lastchangetime, memo, datastatus, del_flag, f1, f2, f3, f4, f5)
values ('402886175cc9629f015cc96547040000', 'ROLE', '402886175c9eeedb015c9f8fd3010001', 'ORGANIZATION', '402886175cbf0e3b015cbf11f21d0000', '1', 'admin', to_date('21-06-2017 14:44:36', 'dd-mm-yyyy hh24:mi:ss'), null, null, null, 0, 0, null, null, null, null, null);
insert into XK_CAP_PARTYAUTH (id, role_type, party_id, party_type, role_id, tenant_id, createuser, createtime, lastchangeuser, lastchangetime, memo, datastatus, del_flag, f1, f2, f3, f4, f5)
values ('402886175ccd509e015ccdb0f4760000', 'ROLE', '402886175cc8be88015cc8bfe2400000', 'USER', '402886175ca54c0d015ca59777010003', '1', 'sysadmin', to_date('22-06-2017 10:45:45', 'dd-mm-yyyy hh24:mi:ss'), null, null, null, 0, 0, null, null, null, null, null);
insert into XK_CAP_PARTYAUTH (id, role_type, party_id, party_type, role_id, tenant_id, createuser, createtime, lastchangeuser, lastchangetime, memo, datastatus, del_flag, f1, f2, f3, f4, f5)
values ('402886175ccd509e015ccdb0f4b80001', 'ROLE', '402886175cc8be88015cc8bfe2400000', 'USER', '402886175cbf0e3b015cbf11f21d0000', '1', 'sysadmin', to_date('22-06-2017 10:45:45', 'dd-mm-yyyy hh24:mi:ss'), null, null, null, 0, 0, null, null, null, null, null);
insert into XK_CAP_PARTYAUTH (id, role_type, party_id, party_type, role_id, tenant_id, createuser, createtime, lastchangeuser, lastchangetime, memo, datastatus, del_flag, f1, f2, f3, f4, f5)
values ('402886175cc331a1015cc336c8710002', '角色', '402886175c9eeedb015c9f8fd3010001', 'MENU', '402886175ca54c0d015ca59777010003', '1', 'admin', to_date('20-06-2017 09:56:06', 'dd-mm-yyyy hh24:mi:ss'), 'admin', to_date('20-06-2017 09:57:24', 'dd-mm-yyyy hh24:mi:ss'), null, 0, 1, null, null, null, null, null);
insert into XK_CAP_PARTYAUTH (id, role_type, party_id, party_type, role_id, tenant_id, createuser, createtime, lastchangeuser, lastchangetime, memo, datastatus, del_flag, f1, f2, f3, f4, f5)
values ('1', 'ROLE', '1', 'user', '1', '1', null, null, null, null, null, null, 0, null, null, null, null, null);
commit;
prompt 12 records loaded
prompt Loading XK_CAP_RESAUTH...
insert into XK_CAP_RESAUTH (id, party_id, party_type, res_id, res_type, tenant_id, res_state, party_scope, createuser, createtime, lastchangeuser, lastchangetime, memo, del_flag, datastatus, f1, f2, f3, f4, f5)
values ('402886175ccef9df015ccf0f92680005', '1', 'ROLE', '402886175ccef9df015ccf0e32b90003', 'FUNCTION', null, null, null, 'sysadmin', to_date('22-06-2017 17:08:43', 'dd-mm-yyyy hh24:mi:ss'), null, null, null, 0, 0, null, null, null, null, null);
insert into XK_CAP_RESAUTH (id, party_id, party_type, res_id, res_type, tenant_id, res_state, party_scope, createuser, createtime, lastchangeuser, lastchangetime, memo, del_flag, datastatus, f1, f2, f3, f4, f5)
values ('40284a815c8bf850015c8c16b78a0016', '1', 'role', '402881ec5c8be785015c8bec6f710001', 'FUNCTION', null, null, null, 'admin', to_date('09-06-2017 17:01:58', 'dd-mm-yyyy hh24:mi:ss'), 'admin', to_date('16-06-2017 12:09:26', 'dd-mm-yyyy hh24:mi:ss'), null, 1, 0, null, null, null, null, null);
insert into XK_CAP_RESAUTH (id, party_id, party_type, res_id, res_type, tenant_id, res_state, party_scope, createuser, createtime, lastchangeuser, lastchangetime, memo, del_flag, datastatus, f1, f2, f3, f4, f5)
values ('40284a815c8bf850015c8c0856ca000a', '1', 'role', '0', 'FUNCTIONGROUP', null, null, null, 'admin', to_date('09-06-2017 16:46:15', 'dd-mm-yyyy hh24:mi:ss'), null, null, null, 0, 0, null, null, null, null, null);
insert into XK_CAP_RESAUTH (id, party_id, party_type, res_id, res_type, tenant_id, res_state, party_scope, createuser, createtime, lastchangeuser, lastchangetime, memo, del_flag, datastatus, f1, f2, f3, f4, f5)
values ('40284a815c8bf850015c8c0856de000b', '1', 'role', '402881ec5c8be785015c8beceb0a0002', 'FUNCTIONGROUP', null, null, null, 'admin', to_date('09-06-2017 16:46:15', 'dd-mm-yyyy hh24:mi:ss'), null, null, null, 0, 0, null, null, null, null, null);
insert into XK_CAP_RESAUTH (id, party_id, party_type, res_id, res_type, tenant_id, res_state, party_scope, createuser, createtime, lastchangeuser, lastchangetime, memo, del_flag, datastatus, f1, f2, f3, f4, f5)
values ('40284a815c8bf850015c8c0856f0000c', '1', 'role', '402881ec5c8be785015c8be7f6580000', 'FUNCTIONGROUP', null, null, null, 'admin', to_date('09-06-2017 16:46:15', 'dd-mm-yyyy hh24:mi:ss'), null, null, null, 0, 0, null, null, null, null, null);
insert into XK_CAP_RESAUTH (id, party_id, party_type, res_id, res_type, tenant_id, res_state, party_scope, createuser, createtime, lastchangeuser, lastchangetime, memo, del_flag, datastatus, f1, f2, f3, f4, f5)
values ('40284a815c8bf850015c8c085704000d', '1', 'role', '1', 'FUNCTIONGROUP', null, null, null, 'admin', to_date('09-06-2017 16:46:15', 'dd-mm-yyyy hh24:mi:ss'), null, null, null, 0, 0, null, null, null, null, null);
insert into XK_CAP_RESAUTH (id, party_id, party_type, res_id, res_type, tenant_id, res_state, party_scope, createuser, createtime, lastchangeuser, lastchangetime, memo, del_flag, datastatus, f1, f2, f3, f4, f5)
values ('40284a815c8bf850015c8c085718000e', '1', 'role', '2', 'FUNCTIONGROUP', null, null, null, 'admin', to_date('09-06-2017 16:46:15', 'dd-mm-yyyy hh24:mi:ss'), null, null, null, 0, 0, null, null, null, null, null);
insert into XK_CAP_RESAUTH (id, party_id, party_type, res_id, res_type, tenant_id, res_state, party_scope, createuser, createtime, lastchangeuser, lastchangetime, memo, del_flag, datastatus, f1, f2, f3, f4, f5)
values ('40284a815c8bf850015c8c08572d000f', '1', 'role', '3', 'FUNCTIONGROUP', null, null, null, 'admin', to_date('09-06-2017 16:46:15', 'dd-mm-yyyy hh24:mi:ss'), null, null, null, 0, 0, null, null, null, null, null);
insert into XK_CAP_RESAUTH (id, party_id, party_type, res_id, res_type, tenant_id, res_state, party_scope, createuser, createtime, lastchangeuser, lastchangetime, memo, del_flag, datastatus, f1, f2, f3, f4, f5)
values ('40284a815c8bf850015c8c0857470010', '1', 'role', '5', 'FUNCTIONGROUP', null, null, null, 'admin', to_date('09-06-2017 16:46:15', 'dd-mm-yyyy hh24:mi:ss'), null, null, null, 0, 0, null, null, null, null, null);
insert into XK_CAP_RESAUTH (id, party_id, party_type, res_id, res_type, tenant_id, res_state, party_scope, createuser, createtime, lastchangeuser, lastchangetime, memo, del_flag, datastatus, f1, f2, f3, f4, f5)
values ('40284a815c8bf850015c8c08575a0011', '1', 'role', '6', 'FUNCTIONGROUP', null, null, null, 'admin', to_date('09-06-2017 16:46:15', 'dd-mm-yyyy hh24:mi:ss'), null, null, null, 0, 0, null, null, null, null, null);
insert into XK_CAP_RESAUTH (id, party_id, party_type, res_id, res_type, tenant_id, res_state, party_scope, createuser, createtime, lastchangeuser, lastchangetime, memo, del_flag, datastatus, f1, f2, f3, f4, f5)
values ('40284a815c8bf850015c8c08576d0012', '1', 'role', '7', 'FUNCTIONGROUP', null, null, null, 'admin', to_date('09-06-2017 16:46:15', 'dd-mm-yyyy hh24:mi:ss'), null, null, null, 0, 0, null, null, null, null, null);
insert into XK_CAP_RESAUTH (id, party_id, party_type, res_id, res_type, tenant_id, res_state, party_scope, createuser, createtime, lastchangeuser, lastchangetime, memo, del_flag, datastatus, f1, f2, f3, f4, f5)
values ('40284a815c8bf850015c8c08577e0013', '1', 'role', '402881ec5c8bd7b5015c8bdc38970005', 'FUNCTIONGROUP', null, null, null, 'admin', to_date('09-06-2017 16:46:15', 'dd-mm-yyyy hh24:mi:ss'), null, null, null, 0, 0, null, null, null, null, null);
insert into XK_CAP_RESAUTH (id, party_id, party_type, res_id, res_type, tenant_id, res_state, party_scope, createuser, createtime, lastchangeuser, lastchangetime, memo, del_flag, datastatus, f1, f2, f3, f4, f5)
values ('40284a815c8bf850015c8c17d1400017', '1', 'role', 'application_add', 'FUNCTION', null, null, null, 'admin', to_date('09-06-2017 17:03:10', 'dd-mm-yyyy hh24:mi:ss'), 'admin', to_date('12-06-2017 15:47:11', 'dd-mm-yyyy hh24:mi:ss'), null, 1, 0, null, null, null, null, null);
insert into XK_CAP_RESAUTH (id, party_id, party_type, res_id, res_type, tenant_id, res_state, party_scope, createuser, createtime, lastchangeuser, lastchangetime, memo, del_flag, datastatus, f1, f2, f3, f4, f5)
values ('40284a815c8bf850015c8c17d14b0018', '1', 'role', 'application_edit', 'FUNCTION', null, null, null, 'admin', to_date('09-06-2017 17:03:10', 'dd-mm-yyyy hh24:mi:ss'), 'admin', to_date('12-06-2017 15:47:11', 'dd-mm-yyyy hh24:mi:ss'), null, 1, 0, null, null, null, null, null);
insert into XK_CAP_RESAUTH (id, party_id, party_type, res_id, res_type, tenant_id, res_state, party_scope, createuser, createtime, lastchangeuser, lastchangetime, memo, del_flag, datastatus, f1, f2, f3, f4, f5)
values ('40284a815c8bf850015c8c17d1550019', '1', 'role', 'application_manage', 'FUNCTION', null, null, null, 'admin', to_date('09-06-2017 17:03:10', 'dd-mm-yyyy hh24:mi:ss'), 'admin', to_date('12-06-2017 15:47:11', 'dd-mm-yyyy hh24:mi:ss'), null, 1, 0, null, null, null, null, null);
insert into XK_CAP_RESAUTH (id, party_id, party_type, res_id, res_type, tenant_id, res_state, party_scope, createuser, createtime, lastchangeuser, lastchangetime, memo, del_flag, datastatus, f1, f2, f3, f4, f5)
values ('40284a815c8bf850015c8c17d15f001a', '1', 'role', 'funcgroup_add', 'FUNCTION', null, null, null, 'admin', to_date('09-06-2017 17:03:10', 'dd-mm-yyyy hh24:mi:ss'), 'admin', to_date('12-06-2017 15:47:11', 'dd-mm-yyyy hh24:mi:ss'), null, 1, 0, null, null, null, null, null);
insert into XK_CAP_RESAUTH (id, party_id, party_type, res_id, res_type, tenant_id, res_state, party_scope, createuser, createtime, lastchangeuser, lastchangetime, memo, del_flag, datastatus, f1, f2, f3, f4, f5)
values ('40284a815c8bf850015c8c17d169001b', '1', 'role', 'funcgroup_edit', 'FUNCTION', null, null, null, 'admin', to_date('09-06-2017 17:03:10', 'dd-mm-yyyy hh24:mi:ss'), 'admin', to_date('12-06-2017 15:47:11', 'dd-mm-yyyy hh24:mi:ss'), null, 1, 0, null, null, null, null, null);
insert into XK_CAP_RESAUTH (id, party_id, party_type, res_id, res_type, tenant_id, res_state, party_scope, createuser, createtime, lastchangeuser, lastchangetime, memo, del_flag, datastatus, f1, f2, f3, f4, f5)
values ('40284a815c8bf850015c8c17d176001c', '1', 'role', 'function_add', 'FUNCTION', null, null, null, 'admin', to_date('09-06-2017 17:03:10', 'dd-mm-yyyy hh24:mi:ss'), 'admin', to_date('12-06-2017 15:47:11', 'dd-mm-yyyy hh24:mi:ss'), null, 1, 0, null, null, null, null, null);
insert into XK_CAP_RESAUTH (id, party_id, party_type, res_id, res_type, tenant_id, res_state, party_scope, createuser, createtime, lastchangeuser, lastchangetime, memo, del_flag, datastatus, f1, f2, f3, f4, f5)
values ('40284a815c8bf850015c8c17d183001d', '1', 'role', 'function_edit', 'FUNCTION', null, null, null, 'admin', to_date('09-06-2017 17:03:10', 'dd-mm-yyyy hh24:mi:ss'), 'admin', to_date('12-06-2017 15:47:11', 'dd-mm-yyyy hh24:mi:ss'), null, 1, 0, null, null, null, null, null);
insert into XK_CAP_RESAUTH (id, party_id, party_type, res_id, res_type, tenant_id, res_state, party_scope, createuser, createtime, lastchangeuser, lastchangetime, memo, del_flag, datastatus, f1, f2, f3, f4, f5)
values ('40284a815c8bf850015c8c17d191001e', '1', 'role', 'menu_add', 'FUNCTION', null, null, null, 'admin', to_date('09-06-2017 17:03:10', 'dd-mm-yyyy hh24:mi:ss'), 'admin', to_date('12-06-2017 15:47:11', 'dd-mm-yyyy hh24:mi:ss'), null, 1, 0, null, null, null, null, null);
insert into XK_CAP_RESAUTH (id, party_id, party_type, res_id, res_type, tenant_id, res_state, party_scope, createuser, createtime, lastchangeuser, lastchangetime, memo, del_flag, datastatus, f1, f2, f3, f4, f5)
values ('40284a815c8bf850015c8c17d1a0001f', '1', 'role', 'menu_edit', 'FUNCTION', null, null, null, 'admin', to_date('09-06-2017 17:03:10', 'dd-mm-yyyy hh24:mi:ss'), 'admin', to_date('12-06-2017 15:47:11', 'dd-mm-yyyy hh24:mi:ss'), null, 1, 0, null, null, null, null, null);
insert into XK_CAP_RESAUTH (id, party_id, party_type, res_id, res_type, tenant_id, res_state, party_scope, createuser, createtime, lastchangeuser, lastchangetime, memo, del_flag, datastatus, f1, f2, f3, f4, f5)
values ('40284a815c8bf850015c8c17d1af0020', '1', 'role', 'menu_manage', 'FUNCTION', null, null, null, 'admin', to_date('09-06-2017 17:03:10', 'dd-mm-yyyy hh24:mi:ss'), 'admin', to_date('12-06-2017 15:47:11', 'dd-mm-yyyy hh24:mi:ss'), null, 1, 0, null, null, null, null, null);
insert into XK_CAP_RESAUTH (id, party_id, party_type, res_id, res_type, tenant_id, res_state, party_scope, createuser, createtime, lastchangeuser, lastchangetime, memo, del_flag, datastatus, f1, f2, f3, f4, f5)
values ('40284a815c8bf850015c8c17d1bd0021', '1', 'role', 'access_rule', 'FUNCTION', null, null, null, 'admin', to_date('09-06-2017 17:03:10', 'dd-mm-yyyy hh24:mi:ss'), 'admin', to_date('12-06-2017 15:47:11', 'dd-mm-yyyy hh24:mi:ss'), null, 1, 0, null, null, null, null, null);
insert into XK_CAP_RESAUTH (id, party_id, party_type, res_id, res_type, tenant_id, res_state, party_scope, createuser, createtime, lastchangeuser, lastchangetime, memo, del_flag, datastatus, f1, f2, f3, f4, f5)
values ('40284a815c8bf850015c8c17d1ca0022', '1', 'role', 'dict_manager', 'FUNCTION', null, null, null, 'admin', to_date('09-06-2017 17:03:10', 'dd-mm-yyyy hh24:mi:ss'), 'admin', to_date('12-06-2017 15:47:11', 'dd-mm-yyyy hh24:mi:ss'), null, 1, 0, null, null, null, null, null);
insert into XK_CAP_RESAUTH (id, party_id, party_type, res_id, res_type, tenant_id, res_state, party_scope, createuser, createtime, lastchangeuser, lastchangetime, memo, del_flag, datastatus, f1, f2, f3, f4, f5)
values ('40284a815c8bf850015c8c17d1d70023', '1', 'role', 'employee_auth', 'FUNCTION', null, null, null, 'admin', to_date('09-06-2017 17:03:10', 'dd-mm-yyyy hh24:mi:ss'), 'admin', to_date('12-06-2017 15:47:11', 'dd-mm-yyyy hh24:mi:ss'), null, 1, 0, null, null, null, null, null);
insert into XK_CAP_RESAUTH (id, party_id, party_type, res_id, res_type, tenant_id, res_state, party_scope, createuser, createtime, lastchangeuser, lastchangetime, memo, del_flag, datastatus, f1, f2, f3, f4, f5)
values ('40284a815c8bf850015c8c17d1e30024', '1', 'role', 'function_role_auth', 'FUNCTION', null, null, null, 'admin', to_date('09-06-2017 17:03:10', 'dd-mm-yyyy hh24:mi:ss'), 'admin', to_date('12-06-2017 15:47:11', 'dd-mm-yyyy hh24:mi:ss'), null, 1, 0, null, null, null, null, null);
insert into XK_CAP_RESAUTH (id, party_id, party_type, res_id, res_type, tenant_id, res_state, party_scope, createuser, createtime, lastchangeuser, lastchangetime, memo, del_flag, datastatus, f1, f2, f3, f4, f5)
values ('40284a815c8bf850015c8c17d1ef0025', '1', 'role', 'org_auth', 'FUNCTION', null, null, null, 'admin', to_date('09-06-2017 17:03:10', 'dd-mm-yyyy hh24:mi:ss'), 'admin', to_date('12-06-2017 15:47:11', 'dd-mm-yyyy hh24:mi:ss'), null, 1, 0, null, null, null, null, null);
insert into XK_CAP_RESAUTH (id, party_id, party_type, res_id, res_type, tenant_id, res_state, party_scope, createuser, createtime, lastchangeuser, lastchangetime, memo, del_flag, datastatus, f1, f2, f3, f4, f5)
values ('40284a815c8bf850015c8c17d1fa0026', '1', 'role', 'position_auth', 'FUNCTION', null, null, null, 'admin', to_date('09-06-2017 17:03:10', 'dd-mm-yyyy hh24:mi:ss'), 'admin', to_date('12-06-2017 15:47:11', 'dd-mm-yyyy hh24:mi:ss'), null, 1, 0, null, null, null, null, null);
insert into XK_CAP_RESAUTH (id, party_id, party_type, res_id, res_type, tenant_id, res_state, party_scope, createuser, createtime, lastchangeuser, lastchangetime, memo, del_flag, datastatus, f1, f2, f3, f4, f5)
values ('40284a815c8bf850015c8c17d2090027', '1', 'role', 'role_add', 'FUNCTION', null, null, null, 'admin', to_date('09-06-2017 17:03:10', 'dd-mm-yyyy hh24:mi:ss'), 'admin', to_date('12-06-2017 15:47:11', 'dd-mm-yyyy hh24:mi:ss'), null, 1, 0, null, null, null, null, null);
insert into XK_CAP_RESAUTH (id, party_id, party_type, res_id, res_type, tenant_id, res_state, party_scope, createuser, createtime, lastchangeuser, lastchangetime, memo, del_flag, datastatus, f1, f2, f3, f4, f5)
values ('40284a815c8bf850015c8c17d2130028', '1', 'role', 'role_auth', 'FUNCTION', null, null, null, 'admin', to_date('09-06-2017 17:03:10', 'dd-mm-yyyy hh24:mi:ss'), 'admin', to_date('12-06-2017 15:47:11', 'dd-mm-yyyy hh24:mi:ss'), null, 1, 0, null, null, null, null, null);
insert into XK_CAP_RESAUTH (id, party_id, party_type, res_id, res_type, tenant_id, res_state, party_scope, createuser, createtime, lastchangeuser, lastchangetime, memo, del_flag, datastatus, f1, f2, f3, f4, f5)
values ('40284a815c8bf850015c8c17d21e0029', '1', 'role', 'role_manager', 'FUNCTION', null, null, null, 'admin', to_date('09-06-2017 17:03:10', 'dd-mm-yyyy hh24:mi:ss'), 'admin', to_date('12-06-2017 15:47:11', 'dd-mm-yyyy hh24:mi:ss'), null, 1, 0, null, null, null, null, null);
insert into XK_CAP_RESAUTH (id, party_id, party_type, res_id, res_type, tenant_id, res_state, party_scope, createuser, createtime, lastchangeuser, lastchangetime, memo, del_flag, datastatus, f1, f2, f3, f4, f5)
values ('40284a815c8bf850015c8c17d22c002a', '1', 'role', 'role_update', 'FUNCTION', null, null, null, 'admin', to_date('09-06-2017 17:03:10', 'dd-mm-yyyy hh24:mi:ss'), 'admin', to_date('12-06-2017 15:47:11', 'dd-mm-yyyy hh24:mi:ss'), null, 1, 0, null, null, null, null, null);
insert into XK_CAP_RESAUTH (id, party_id, party_type, res_id, res_type, tenant_id, res_state, party_scope, createuser, createtime, lastchangeuser, lastchangetime, memo, del_flag, datastatus, f1, f2, f3, f4, f5)
values ('40284a815c8bf850015c8c17d23a002b', '1', 'role', 'reset_password', 'FUNCTION', null, null, null, 'admin', to_date('09-06-2017 17:03:10', 'dd-mm-yyyy hh24:mi:ss'), 'admin', to_date('12-06-2017 15:47:11', 'dd-mm-yyyy hh24:mi:ss'), null, 1, 0, null, null, null, null, null);
insert into XK_CAP_RESAUTH (id, party_id, party_type, res_id, res_type, tenant_id, res_state, party_scope, createuser, createtime, lastchangeuser, lastchangetime, memo, del_flag, datastatus, f1, f2, f3, f4, f5)
values ('40284a815c8bf850015c8c17d248002c', '1', 'role', 'user_add', 'FUNCTION', null, null, null, 'admin', to_date('09-06-2017 17:03:10', 'dd-mm-yyyy hh24:mi:ss'), 'admin', to_date('12-06-2017 15:47:11', 'dd-mm-yyyy hh24:mi:ss'), null, 1, 0, null, null, null, null, null);
insert into XK_CAP_RESAUTH (id, party_id, party_type, res_id, res_type, tenant_id, res_state, party_scope, createuser, createtime, lastchangeuser, lastchangetime, memo, del_flag, datastatus, f1, f2, f3, f4, f5)
values ('40284a815c8bf850015c8c17d25c002d', '1', 'role', 'user_list', 'FUNCTION', null, null, null, 'admin', to_date('09-06-2017 17:03:10', 'dd-mm-yyyy hh24:mi:ss'), 'admin', to_date('12-06-2017 15:47:11', 'dd-mm-yyyy hh24:mi:ss'), null, 1, 0, null, null, null, null, null);
insert into XK_CAP_RESAUTH (id, party_id, party_type, res_id, res_type, tenant_id, res_state, party_scope, createuser, createtime, lastchangeuser, lastchangetime, memo, del_flag, datastatus, f1, f2, f3, f4, f5)
values ('40284a815c8bf850015c8c17d269002e', '1', 'role', 'user_update', 'FUNCTION', null, null, null, 'admin', to_date('09-06-2017 17:03:10', 'dd-mm-yyyy hh24:mi:ss'), 'admin', to_date('12-06-2017 15:47:11', 'dd-mm-yyyy hh24:mi:ss'), null, 1, 0, null, null, null, null, null);
insert into XK_CAP_RESAUTH (id, party_id, party_type, res_id, res_type, tenant_id, res_state, party_scope, createuser, createtime, lastchangeuser, lastchangetime, memo, del_flag, datastatus, f1, f2, f3, f4, f5)
values ('40284a815c8bf850015c8c17d276002f', '1', 'role', 'auth_graph', 'FUNCTION', null, null, null, 'admin', to_date('09-06-2017 17:03:10', 'dd-mm-yyyy hh24:mi:ss'), 'admin', to_date('12-06-2017 15:47:11', 'dd-mm-yyyy hh24:mi:ss'), null, 1, 0, null, null, null, null, null);
insert into XK_CAP_RESAUTH (id, party_id, party_type, res_id, res_type, tenant_id, res_state, party_scope, createuser, createtime, lastchangeuser, lastchangetime, memo, del_flag, datastatus, f1, f2, f3, f4, f5)
values ('40284a815c8bf850015c8c17d2820030', '1', 'role', 'employee_add', 'FUNCTION', null, null, null, 'admin', to_date('09-06-2017 17:03:10', 'dd-mm-yyyy hh24:mi:ss'), 'admin', to_date('12-06-2017 15:47:11', 'dd-mm-yyyy hh24:mi:ss'), null, 1, 0, null, null, null, null, null);
insert into XK_CAP_RESAUTH (id, party_id, party_type, res_id, res_type, tenant_id, res_state, party_scope, createuser, createtime, lastchangeuser, lastchangetime, memo, del_flag, datastatus, f1, f2, f3, f4, f5)
values ('40284a815c8bf850015c8c17d28c0031', '1', 'role', 'employee_update', 'FUNCTION', null, null, null, 'admin', to_date('09-06-2017 17:03:10', 'dd-mm-yyyy hh24:mi:ss'), 'admin', to_date('12-06-2017 15:47:11', 'dd-mm-yyyy hh24:mi:ss'), null, 1, 0, null, null, null, null, null);
insert into XK_CAP_RESAUTH (id, party_id, party_type, res_id, res_type, tenant_id, res_state, party_scope, createuser, createtime, lastchangeuser, lastchangetime, memo, del_flag, datastatus, f1, f2, f3, f4, f5)
values ('40284a815c8bf850015c8c17d2980032', '1', 'role', 'groupTree', 'FUNCTION', null, null, null, 'admin', to_date('09-06-2017 17:03:10', 'dd-mm-yyyy hh24:mi:ss'), 'admin', to_date('12-06-2017 15:47:11', 'dd-mm-yyyy hh24:mi:ss'), null, 1, 0, null, null, null, null, null);
insert into XK_CAP_RESAUTH (id, party_id, party_type, res_id, res_type, tenant_id, res_state, party_scope, createuser, createtime, lastchangeuser, lastchangetime, memo, del_flag, datastatus, f1, f2, f3, f4, f5)
values ('40284a815c8bf850015c8c17d2a50033', '1', 'role', 'org_add', 'FUNCTION', null, null, null, 'admin', to_date('09-06-2017 17:03:10', 'dd-mm-yyyy hh24:mi:ss'), 'admin', to_date('12-06-2017 15:47:11', 'dd-mm-yyyy hh24:mi:ss'), null, 1, 0, null, null, null, null, null);
insert into XK_CAP_RESAUTH (id, party_id, party_type, res_id, res_type, tenant_id, res_state, party_scope, createuser, createtime, lastchangeuser, lastchangetime, memo, del_flag, datastatus, f1, f2, f3, f4, f5)
values ('40284a815c8bf850015c8c17d2b00034', '1', 'role', 'org_tree', 'FUNCTION', null, null, null, 'admin', to_date('09-06-2017 17:03:10', 'dd-mm-yyyy hh24:mi:ss'), 'admin', to_date('12-06-2017 15:47:11', 'dd-mm-yyyy hh24:mi:ss'), null, 1, 0, null, null, null, null, null);
insert into XK_CAP_RESAUTH (id, party_id, party_type, res_id, res_type, tenant_id, res_state, party_scope, createuser, createtime, lastchangeuser, lastchangetime, memo, del_flag, datastatus, f1, f2, f3, f4, f5)
values ('40284a815c8bf850015c8c17d2bc0035', '1', 'role', 'org_update', 'FUNCTION', null, null, null, 'admin', to_date('09-06-2017 17:03:10', 'dd-mm-yyyy hh24:mi:ss'), 'admin', to_date('12-06-2017 15:47:11', 'dd-mm-yyyy hh24:mi:ss'), null, 1, 0, null, null, null, null, null);
insert into XK_CAP_RESAUTH (id, party_id, party_type, res_id, res_type, tenant_id, res_state, party_scope, createuser, createtime, lastchangeuser, lastchangetime, memo, del_flag, datastatus, f1, f2, f3, f4, f5)
values ('40284a815c8bf850015c8c17d2c70036', '1', 'role', 'party_auth', 'FUNCTION', null, null, null, 'admin', to_date('09-06-2017 17:03:10', 'dd-mm-yyyy hh24:mi:ss'), 'admin', to_date('12-06-2017 15:47:12', 'dd-mm-yyyy hh24:mi:ss'), null, 1, 0, null, null, null, null, null);
insert into XK_CAP_RESAUTH (id, party_id, party_type, res_id, res_type, tenant_id, res_state, party_scope, createuser, createtime, lastchangeuser, lastchangetime, memo, del_flag, datastatus, f1, f2, f3, f4, f5)
values ('40284a815c8bf850015c8c17d2d20037', '1', 'role', 'position_org_add', 'FUNCTION', null, null, null, 'admin', to_date('09-06-2017 17:03:10', 'dd-mm-yyyy hh24:mi:ss'), 'admin', to_date('12-06-2017 15:47:12', 'dd-mm-yyyy hh24:mi:ss'), null, 1, 0, null, null, null, null, null);
insert into XK_CAP_RESAUTH (id, party_id, party_type, res_id, res_type, tenant_id, res_state, party_scope, createuser, createtime, lastchangeuser, lastchangetime, memo, del_flag, datastatus, f1, f2, f3, f4, f5)
values ('40284a815c8bf850015c8c17d2e10038', '1', 'role', 'position_org_update', 'FUNCTION', null, null, null, 'admin', to_date('09-06-2017 17:03:10', 'dd-mm-yyyy hh24:mi:ss'), 'admin', to_date('12-06-2017 15:47:12', 'dd-mm-yyyy hh24:mi:ss'), null, 1, 0, null, null, null, null, null);
insert into XK_CAP_RESAUTH (id, party_id, party_type, res_id, res_type, tenant_id, res_state, party_scope, createuser, createtime, lastchangeuser, lastchangetime, memo, del_flag, datastatus, f1, f2, f3, f4, f5)
values ('1', '1', 'role', 'access_rule', 'function', 'default', '1', '0', 'sysadmin', to_date('21-03-2017 13:53:24', 'dd-mm-yyyy hh24:mi:ss'), null, null, null, null, null, null, null, null, null, null);
insert into XK_CAP_RESAUTH (id, party_id, party_type, res_id, res_type, tenant_id, res_state, party_scope, createuser, createtime, lastchangeuser, lastchangetime, memo, del_flag, datastatus, f1, f2, f3, f4, f5)
values ('10', '1', 'role', 'funcgroup_add', 'function', 'default', '1', '0', 'sysadmin', to_date('21-03-2017 13:53:24', 'dd-mm-yyyy hh24:mi:ss'), null, null, null, null, null, null, null, null, null, null);
insert into XK_CAP_RESAUTH (id, party_id, party_type, res_id, res_type, tenant_id, res_state, party_scope, createuser, createtime, lastchangeuser, lastchangetime, memo, del_flag, datastatus, f1, f2, f3, f4, f5)
values ('11', '1', 'role', 'funcgroup_edit', 'function', 'default', '1', '0', 'sysadmin', to_date('21-03-2017 13:53:24', 'dd-mm-yyyy hh24:mi:ss'), null, null, null, null, null, null, null, null, null, null);
insert into XK_CAP_RESAUTH (id, party_id, party_type, res_id, res_type, tenant_id, res_state, party_scope, createuser, createtime, lastchangeuser, lastchangetime, memo, del_flag, datastatus, f1, f2, f3, f4, f5)
values ('12', '1', 'role', 'function_add', 'function', 'default', '1', '0', 'sysadmin', to_date('21-03-2017 13:53:24', 'dd-mm-yyyy hh24:mi:ss'), null, null, null, null, null, null, null, null, null, null);
insert into XK_CAP_RESAUTH (id, party_id, party_type, res_id, res_type, tenant_id, res_state, party_scope, createuser, createtime, lastchangeuser, lastchangetime, memo, del_flag, datastatus, f1, f2, f3, f4, f5)
values ('13', '1', 'role', 'function_edit', 'function', 'default', '1', '0', 'sysadmin', to_date('21-03-2017 13:53:24', 'dd-mm-yyyy hh24:mi:ss'), null, null, null, null, null, null, null, null, null, null);
insert into XK_CAP_RESAUTH (id, party_id, party_type, res_id, res_type, tenant_id, res_state, party_scope, createuser, createtime, lastchangeuser, lastchangetime, memo, del_flag, datastatus, f1, f2, f3, f4, f5)
values ('14', '1', 'role', 'function_role_auth', 'function', 'default', '1', '0', 'sysadmin', to_date('21-03-2017 13:53:24', 'dd-mm-yyyy hh24:mi:ss'), null, null, null, null, null, null, null, null, null, null);
insert into XK_CAP_RESAUTH (id, party_id, party_type, res_id, res_type, tenant_id, res_state, party_scope, createuser, createtime, lastchangeuser, lastchangetime, memo, del_flag, datastatus, f1, f2, f3, f4, f5)
values ('15', '1', 'role', 'groupTree', 'function', 'default', '1', '0', 'sysadmin', to_date('21-03-2017 13:53:24', 'dd-mm-yyyy hh24:mi:ss'), null, null, null, null, null, null, null, null, null, null);
insert into XK_CAP_RESAUTH (id, party_id, party_type, res_id, res_type, tenant_id, res_state, party_scope, createuser, createtime, lastchangeuser, lastchangetime, memo, del_flag, datastatus, f1, f2, f3, f4, f5)
values ('16', '1', 'role', 'menu_add', 'function', 'default', '1', '0', 'sysadmin', to_date('21-03-2017 13:53:24', 'dd-mm-yyyy hh24:mi:ss'), null, null, null, null, null, null, null, null, null, null);
insert into XK_CAP_RESAUTH (id, party_id, party_type, res_id, res_type, tenant_id, res_state, party_scope, createuser, createtime, lastchangeuser, lastchangetime, memo, del_flag, datastatus, f1, f2, f3, f4, f5)
values ('17', '1', 'role', 'menu_edit', 'function', 'default', '1', '0', 'sysadmin', to_date('21-03-2017 13:53:24', 'dd-mm-yyyy hh24:mi:ss'), null, null, null, null, null, null, null, null, null, null);
insert into XK_CAP_RESAUTH (id, party_id, party_type, res_id, res_type, tenant_id, res_state, party_scope, createuser, createtime, lastchangeuser, lastchangetime, memo, del_flag, datastatus, f1, f2, f3, f4, f5)
values ('18', '1', 'role', 'menu_manage', 'function', 'default', '1', '0', 'sysadmin', to_date('21-03-2017 13:53:24', 'dd-mm-yyyy hh24:mi:ss'), null, null, null, null, null, null, null, null, null, null);
insert into XK_CAP_RESAUTH (id, party_id, party_type, res_id, res_type, tenant_id, res_state, party_scope, createuser, createtime, lastchangeuser, lastchangetime, memo, del_flag, datastatus, f1, f2, f3, f4, f5)
values ('19', '1', 'role', 'my_process', 'function', 'default', '1', '0', 'sysadmin', to_date('21-03-2017 13:53:24', 'dd-mm-yyyy hh24:mi:ss'), null, null, null, null, null, null, null, null, null, null);
insert into XK_CAP_RESAUTH (id, party_id, party_type, res_id, res_type, tenant_id, res_state, party_scope, createuser, createtime, lastchangeuser, lastchangetime, memo, del_flag, datastatus, f1, f2, f3, f4, f5)
values ('2', '1', 'role', 'application_add', 'function', 'default', '1', '0', 'sysadmin', to_date('21-03-2017 13:53:24', 'dd-mm-yyyy hh24:mi:ss'), null, null, null, null, null, null, null, null, null, null);
insert into XK_CAP_RESAUTH (id, party_id, party_type, res_id, res_type, tenant_id, res_state, party_scope, createuser, createtime, lastchangeuser, lastchangetime, memo, del_flag, datastatus, f1, f2, f3, f4, f5)
values ('20', '1', 'role', 'my_task', 'function', 'default', '1', '0', 'sysadmin', to_date('21-03-2017 13:53:24', 'dd-mm-yyyy hh24:mi:ss'), null, null, null, null, null, null, null, null, null, null);
insert into XK_CAP_RESAUTH (id, party_id, party_type, res_id, res_type, tenant_id, res_state, party_scope, createuser, createtime, lastchangeuser, lastchangetime, memo, del_flag, datastatus, f1, f2, f3, f4, f5)
values ('21', '1', 'role', 'org_add', 'function', 'default', '1', '0', 'sysadmin', to_date('21-03-2017 13:53:24', 'dd-mm-yyyy hh24:mi:ss'), null, null, null, null, null, null, null, null, null, null);
insert into XK_CAP_RESAUTH (id, party_id, party_type, res_id, res_type, tenant_id, res_state, party_scope, createuser, createtime, lastchangeuser, lastchangetime, memo, del_flag, datastatus, f1, f2, f3, f4, f5)
values ('22', '1', 'role', 'org_auth', 'function', 'default', '1', '0', 'sysadmin', to_date('21-03-2017 13:53:24', 'dd-mm-yyyy hh24:mi:ss'), null, null, null, null, null, null, null, null, null, null);
insert into XK_CAP_RESAUTH (id, party_id, party_type, res_id, res_type, tenant_id, res_state, party_scope, createuser, createtime, lastchangeuser, lastchangetime, memo, del_flag, datastatus, f1, f2, f3, f4, f5)
values ('23', '1', 'role', 'org_tree', 'function', 'default', '1', '0', 'sysadmin', to_date('21-03-2017 13:53:24', 'dd-mm-yyyy hh24:mi:ss'), null, null, null, null, null, null, null, null, null, null);
insert into XK_CAP_RESAUTH (id, party_id, party_type, res_id, res_type, tenant_id, res_state, party_scope, createuser, createtime, lastchangeuser, lastchangetime, memo, del_flag, datastatus, f1, f2, f3, f4, f5)
values ('24', '1', 'role', 'org_update', 'function', 'default', '1', '0', 'sysadmin', to_date('21-03-2017 13:53:24', 'dd-mm-yyyy hh24:mi:ss'), null, null, null, null, null, null, null, null, null, null);
insert into XK_CAP_RESAUTH (id, party_id, party_type, res_id, res_type, tenant_id, res_state, party_scope, createuser, createtime, lastchangeuser, lastchangetime, memo, del_flag, datastatus, f1, f2, f3, f4, f5)
values ('25', '1', 'role', 'party_auth', 'function', 'default', '1', '0', 'sysadmin', to_date('21-03-2017 13:53:24', 'dd-mm-yyyy hh24:mi:ss'), null, null, null, null, null, null, null, null, null, null);
insert into XK_CAP_RESAUTH (id, party_id, party_type, res_id, res_type, tenant_id, res_state, party_scope, createuser, createtime, lastchangeuser, lastchangetime, memo, del_flag, datastatus, f1, f2, f3, f4, f5)
values ('26', '1', 'role', 'position_auth', 'function', 'default', '1', '0', 'sysadmin', to_date('21-03-2017 13:53:24', 'dd-mm-yyyy hh24:mi:ss'), null, null, null, null, null, null, null, null, null, null);
insert into XK_CAP_RESAUTH (id, party_id, party_type, res_id, res_type, tenant_id, res_state, party_scope, createuser, createtime, lastchangeuser, lastchangetime, memo, del_flag, datastatus, f1, f2, f3, f4, f5)
values ('27', '1', 'role', 'position_org_add', 'function', 'default', '1', '0', 'sysadmin', to_date('21-03-2017 13:53:24', 'dd-mm-yyyy hh24:mi:ss'), null, null, null, null, null, null, null, null, null, null);
insert into XK_CAP_RESAUTH (id, party_id, party_type, res_id, res_type, tenant_id, res_state, party_scope, createuser, createtime, lastchangeuser, lastchangetime, memo, del_flag, datastatus, f1, f2, f3, f4, f5)
values ('28', '1', 'role', 'position_org_update', 'function', 'default', '1', '0', 'sysadmin', to_date('21-03-2017 13:53:24', 'dd-mm-yyyy hh24:mi:ss'), null, null, null, null, null, null, null, null, null, null);
insert into XK_CAP_RESAUTH (id, party_id, party_type, res_id, res_type, tenant_id, res_state, party_scope, createuser, createtime, lastchangeuser, lastchangetime, memo, del_flag, datastatus, f1, f2, f3, f4, f5)
values ('29', '1', 'role', 'query_agent', 'function', 'default', '1', '0', 'sysadmin', to_date('21-03-2017 13:53:24', 'dd-mm-yyyy hh24:mi:ss'), null, null, null, null, null, null, null, null, null, null);
insert into XK_CAP_RESAUTH (id, party_id, party_type, res_id, res_type, tenant_id, res_state, party_scope, createuser, createtime, lastchangeuser, lastchangetime, memo, del_flag, datastatus, f1, f2, f3, f4, f5)
values ('3', '1', 'role', 'application_edit', 'function', 'default', '1', '0', 'sysadmin', to_date('21-03-2017 13:53:24', 'dd-mm-yyyy hh24:mi:ss'), null, null, null, null, null, null, null, null, null, null);
insert into XK_CAP_RESAUTH (id, party_id, party_type, res_id, res_type, tenant_id, res_state, party_scope, createuser, createtime, lastchangeuser, lastchangetime, memo, del_flag, datastatus, f1, f2, f3, f4, f5)
values ('30', '1', 'role', 'reset_password', 'function', 'default', '1', '0', 'sysadmin', to_date('21-03-2017 13:53:24', 'dd-mm-yyyy hh24:mi:ss'), null, null, null, null, null, null, null, null, null, null);
insert into XK_CAP_RESAUTH (id, party_id, party_type, res_id, res_type, tenant_id, res_state, party_scope, createuser, createtime, lastchangeuser, lastchangetime, memo, del_flag, datastatus, f1, f2, f3, f4, f5)
values ('31', '1', 'role', 'role_add', 'function', 'default', '1', '0', 'sysadmin', to_date('21-03-2017 13:53:24', 'dd-mm-yyyy hh24:mi:ss'), null, null, null, null, null, null, null, null, null, null);
insert into XK_CAP_RESAUTH (id, party_id, party_type, res_id, res_type, tenant_id, res_state, party_scope, createuser, createtime, lastchangeuser, lastchangetime, memo, del_flag, datastatus, f1, f2, f3, f4, f5)
values ('32', '1', 'role', 'role_auth', 'function', 'default', '1', '0', 'sysadmin', to_date('21-03-2017 13:53:24', 'dd-mm-yyyy hh24:mi:ss'), null, null, null, null, null, null, null, null, null, null);
insert into XK_CAP_RESAUTH (id, party_id, party_type, res_id, res_type, tenant_id, res_state, party_scope, createuser, createtime, lastchangeuser, lastchangetime, memo, del_flag, datastatus, f1, f2, f3, f4, f5)
values ('33', '1', 'role', 'role_manager', 'function', 'default', '1', '0', 'sysadmin', to_date('21-03-2017 13:53:24', 'dd-mm-yyyy hh24:mi:ss'), null, null, null, null, null, null, null, null, null, null);
insert into XK_CAP_RESAUTH (id, party_id, party_type, res_id, res_type, tenant_id, res_state, party_scope, createuser, createtime, lastchangeuser, lastchangetime, memo, del_flag, datastatus, f1, f2, f3, f4, f5)
values ('34', '1', 'role', 'role_update', 'function', 'default', '1', '0', 'sysadmin', to_date('21-03-2017 13:53:24', 'dd-mm-yyyy hh24:mi:ss'), null, null, null, null, null, null, null, null, null, null);
insert into XK_CAP_RESAUTH (id, party_id, party_type, res_id, res_type, tenant_id, res_state, party_scope, createuser, createtime, lastchangeuser, lastchangetime, memo, del_flag, datastatus, f1, f2, f3, f4, f5)
values ('35', '1', 'role', 'set_agent', 'function', 'default', '1', '0', 'sysadmin', to_date('21-03-2017 13:53:24', 'dd-mm-yyyy hh24:mi:ss'), null, null, null, null, null, null, null, null, null, null);
insert into XK_CAP_RESAUTH (id, party_id, party_type, res_id, res_type, tenant_id, res_state, party_scope, createuser, createtime, lastchangeuser, lastchangetime, memo, del_flag, datastatus, f1, f2, f3, f4, f5)
values ('36', '1', 'role', 'start_process', 'function', 'default', '1', '0', 'sysadmin', to_date('21-03-2017 13:53:24', 'dd-mm-yyyy hh24:mi:ss'), null, null, null, null, null, null, null, null, null, null);
insert into XK_CAP_RESAUTH (id, party_id, party_type, res_id, res_type, tenant_id, res_state, party_scope, createuser, createtime, lastchangeuser, lastchangetime, memo, del_flag, datastatus, f1, f2, f3, f4, f5)
values ('37', '1', 'role', 'user_add', 'function', 'default', '1', '0', 'sysadmin', to_date('21-03-2017 13:53:24', 'dd-mm-yyyy hh24:mi:ss'), null, null, null, null, null, null, null, null, null, null);
insert into XK_CAP_RESAUTH (id, party_id, party_type, res_id, res_type, tenant_id, res_state, party_scope, createuser, createtime, lastchangeuser, lastchangetime, memo, del_flag, datastatus, f1, f2, f3, f4, f5)
values ('38', '1', 'role', 'user_list', 'function', 'default', '1', '0', 'sysadmin', to_date('21-03-2017 13:53:24', 'dd-mm-yyyy hh24:mi:ss'), null, null, null, null, null, null, null, null, null, null);
insert into XK_CAP_RESAUTH (id, party_id, party_type, res_id, res_type, tenant_id, res_state, party_scope, createuser, createtime, lastchangeuser, lastchangetime, memo, del_flag, datastatus, f1, f2, f3, f4, f5)
values ('39', '1', 'role', 'user_update', 'function', 'default', '1', '0', 'sysadmin', to_date('21-03-2017 13:53:24', 'dd-mm-yyyy hh24:mi:ss'), null, null, null, null, null, null, null, null, null, null);
insert into XK_CAP_RESAUTH (id, party_id, party_type, res_id, res_type, tenant_id, res_state, party_scope, createuser, createtime, lastchangeuser, lastchangetime, memo, del_flag, datastatus, f1, f2, f3, f4, f5)
values ('4', '1', 'role', 'application_manage', 'function', 'default', '1', '0', 'sysadmin', to_date('21-03-2017 13:53:24', 'dd-mm-yyyy hh24:mi:ss'), null, null, null, null, null, null, null, null, null, null);
insert into XK_CAP_RESAUTH (id, party_id, party_type, res_id, res_type, tenant_id, res_state, party_scope, createuser, createtime, lastchangeuser, lastchangetime, memo, del_flag, datastatus, f1, f2, f3, f4, f5)
values ('40', '1001', 'role', '1002', 'functiongroup', 'default', '1', '0', 'sysadmin', to_date('21-03-2017 13:53:24', 'dd-mm-yyyy hh24:mi:ss'), null, null, null, null, null, null, null, null, null, null);
insert into XK_CAP_RESAUTH (id, party_id, party_type, res_id, res_type, tenant_id, res_state, party_scope, createuser, createtime, lastchangeuser, lastchangetime, memo, del_flag, datastatus, f1, f2, f3, f4, f5)
values ('41', '1001', 'role', 'application_add', 'function', 'default', '1', '0', 'sysadmin', to_date('21-03-2017 13:53:24', 'dd-mm-yyyy hh24:mi:ss'), null, null, null, null, null, null, null, null, null, null);
insert into XK_CAP_RESAUTH (id, party_id, party_type, res_id, res_type, tenant_id, res_state, party_scope, createuser, createtime, lastchangeuser, lastchangetime, memo, del_flag, datastatus, f1, f2, f3, f4, f5)
values ('42', '1001', 'role', 'application_edit', 'function', 'default', '1', '0', 'sysadmin', to_date('21-03-2017 13:53:24', 'dd-mm-yyyy hh24:mi:ss'), null, null, null, null, null, null, null, null, null, null);
insert into XK_CAP_RESAUTH (id, party_id, party_type, res_id, res_type, tenant_id, res_state, party_scope, createuser, createtime, lastchangeuser, lastchangetime, memo, del_flag, datastatus, f1, f2, f3, f4, f5)
values ('43', '1001', 'role', 'application_manage', 'function', 'default', '1', '0', 'sysadmin', to_date('21-03-2017 13:53:24', 'dd-mm-yyyy hh24:mi:ss'), null, null, null, null, null, null, null, null, null, null);
insert into XK_CAP_RESAUTH (id, party_id, party_type, res_id, res_type, tenant_id, res_state, party_scope, createuser, createtime, lastchangeuser, lastchangetime, memo, del_flag, datastatus, f1, f2, f3, f4, f5)
values ('44', '1001', 'role', 'funcgroup_add', 'function', 'default', '1', '0', 'sysadmin', to_date('21-03-2017 13:53:24', 'dd-mm-yyyy hh24:mi:ss'), null, null, null, null, null, null, null, null, null, null);
insert into XK_CAP_RESAUTH (id, party_id, party_type, res_id, res_type, tenant_id, res_state, party_scope, createuser, createtime, lastchangeuser, lastchangetime, memo, del_flag, datastatus, f1, f2, f3, f4, f5)
values ('45', '1001', 'role', 'funcgroup_edit', 'function', 'default', '1', '0', 'sysadmin', to_date('21-03-2017 13:53:24', 'dd-mm-yyyy hh24:mi:ss'), null, null, null, null, null, null, null, null, null, null);
insert into XK_CAP_RESAUTH (id, party_id, party_type, res_id, res_type, tenant_id, res_state, party_scope, createuser, createtime, lastchangeuser, lastchangetime, memo, del_flag, datastatus, f1, f2, f3, f4, f5)
values ('46', '1001', 'role', 'function_add', 'function', 'default', '1', '0', 'sysadmin', to_date('21-03-2017 13:53:24', 'dd-mm-yyyy hh24:mi:ss'), null, null, null, null, null, null, null, null, null, null);
insert into XK_CAP_RESAUTH (id, party_id, party_type, res_id, res_type, tenant_id, res_state, party_scope, createuser, createtime, lastchangeuser, lastchangetime, memo, del_flag, datastatus, f1, f2, f3, f4, f5)
values ('47', '1001', 'role', 'function_edit', 'function', 'default', '1', '0', 'sysadmin', to_date('21-03-2017 13:53:24', 'dd-mm-yyyy hh24:mi:ss'), null, null, null, null, null, null, null, null, null, null);
insert into XK_CAP_RESAUTH (id, party_id, party_type, res_id, res_type, tenant_id, res_state, party_scope, createuser, createtime, lastchangeuser, lastchangetime, memo, del_flag, datastatus, f1, f2, f3, f4, f5)
values ('48', '1001', 'role', 'menu_add', 'function', 'default', '1', '0', 'sysadmin', to_date('21-03-2017 13:53:24', 'dd-mm-yyyy hh24:mi:ss'), null, null, null, null, null, null, null, null, null, null);
insert into XK_CAP_RESAUTH (id, party_id, party_type, res_id, res_type, tenant_id, res_state, party_scope, createuser, createtime, lastchangeuser, lastchangetime, memo, del_flag, datastatus, f1, f2, f3, f4, f5)
values ('49', '1001', 'role', 'menu_edit', 'function', 'default', '1', '0', 'sysadmin', to_date('21-03-2017 13:53:24', 'dd-mm-yyyy hh24:mi:ss'), null, null, null, null, null, null, null, null, null, null);
insert into XK_CAP_RESAUTH (id, party_id, party_type, res_id, res_type, tenant_id, res_state, party_scope, createuser, createtime, lastchangeuser, lastchangetime, memo, del_flag, datastatus, f1, f2, f3, f4, f5)
values ('5', '1', 'role', 'auth_graph', 'function', 'default', '1', '0', 'sysadmin', to_date('21-03-2017 13:53:24', 'dd-mm-yyyy hh24:mi:ss'), null, null, null, null, null, null, null, null, null, null);
insert into XK_CAP_RESAUTH (id, party_id, party_type, res_id, res_type, tenant_id, res_state, party_scope, createuser, createtime, lastchangeuser, lastchangetime, memo, del_flag, datastatus, f1, f2, f3, f4, f5)
values ('50', '1001', 'role', 'menu_manage', 'function', 'default', '1', '0', 'sysadmin', to_date('21-03-2017 13:53:24', 'dd-mm-yyyy hh24:mi:ss'), null, null, null, null, null, null, null, null, null, null);
insert into XK_CAP_RESAUTH (id, party_id, party_type, res_id, res_type, tenant_id, res_state, party_scope, createuser, createtime, lastchangeuser, lastchangetime, memo, del_flag, datastatus, f1, f2, f3, f4, f5)
values ('51', '1001', 'role', 'reset_password', 'function', 'default', '1', '0', 'sysadmin', to_date('21-03-2017 13:53:24', 'dd-mm-yyyy hh24:mi:ss'), null, null, null, null, null, null, null, null, null, null);
insert into XK_CAP_RESAUTH (id, party_id, party_type, res_id, res_type, tenant_id, res_state, party_scope, createuser, createtime, lastchangeuser, lastchangetime, memo, del_flag, datastatus, f1, f2, f3, f4, f5)
values ('52', '1001', 'role', 'user_add', 'function', 'default', '1', '0', 'sysadmin', to_date('21-03-2017 13:53:24', 'dd-mm-yyyy hh24:mi:ss'), null, null, null, null, null, null, null, null, null, null);
insert into XK_CAP_RESAUTH (id, party_id, party_type, res_id, res_type, tenant_id, res_state, party_scope, createuser, createtime, lastchangeuser, lastchangetime, memo, del_flag, datastatus, f1, f2, f3, f4, f5)
values ('53', '1001', 'role', 'user_list', 'function', 'default', '1', '0', 'sysadmin', to_date('21-03-2017 13:53:24', 'dd-mm-yyyy hh24:mi:ss'), null, null, null, null, null, null, null, null, null, null);
insert into XK_CAP_RESAUTH (id, party_id, party_type, res_id, res_type, tenant_id, res_state, party_scope, createuser, createtime, lastchangeuser, lastchangetime, memo, del_flag, datastatus, f1, f2, f3, f4, f5)
values ('54', '1001', 'role', 'user_update', 'function', 'default', '1', '0', 'sysadmin', to_date('21-03-2017 13:53:24', 'dd-mm-yyyy hh24:mi:ss'), null, null, null, null, null, null, null, null, null, null);
insert into XK_CAP_RESAUTH (id, party_id, party_type, res_id, res_type, tenant_id, res_state, party_scope, createuser, createtime, lastchangeuser, lastchangetime, memo, del_flag, datastatus, f1, f2, f3, f4, f5)
values ('6', '1', 'role', 'dict_manager', 'function', 'default', '1', '0', 'sysadmin', to_date('21-03-2017 13:53:24', 'dd-mm-yyyy hh24:mi:ss'), null, null, null, null, null, null, null, null, null, null);
insert into XK_CAP_RESAUTH (id, party_id, party_type, res_id, res_type, tenant_id, res_state, party_scope, createuser, createtime, lastchangeuser, lastchangetime, memo, del_flag, datastatus, f1, f2, f3, f4, f5)
values ('7', '1', 'role', 'employee_add', 'function', 'default', '1', '0', 'sysadmin', to_date('21-03-2017 13:53:24', 'dd-mm-yyyy hh24:mi:ss'), null, null, null, null, null, null, null, null, null, null);
insert into XK_CAP_RESAUTH (id, party_id, party_type, res_id, res_type, tenant_id, res_state, party_scope, createuser, createtime, lastchangeuser, lastchangetime, memo, del_flag, datastatus, f1, f2, f3, f4, f5)
values ('8', '1', 'role', 'employee_auth', 'function', 'default', '1', '0', 'sysadmin', to_date('21-03-2017 13:53:24', 'dd-mm-yyyy hh24:mi:ss'), null, null, null, null, null, null, null, null, null, null);
insert into XK_CAP_RESAUTH (id, party_id, party_type, res_id, res_type, tenant_id, res_state, party_scope, createuser, createtime, lastchangeuser, lastchangetime, memo, del_flag, datastatus, f1, f2, f3, f4, f5)
values ('9', '1', 'role', 'employee_update', 'function', 'default', '1', '0', 'sysadmin', to_date('21-03-2017 13:53:24', 'dd-mm-yyyy hh24:mi:ss'), null, null, null, null, null, null, null, null, null, null);
commit;
prompt 100 records committed...
insert into XK_CAP_RESAUTH (id, party_id, party_type, res_id, res_type, tenant_id, res_state, party_scope, createuser, createtime, lastchangeuser, lastchangetime, memo, del_flag, datastatus, f1, f2, f3, f4, f5)
values ('402881ec5c9b4499015c9b4558c90000', '1', '角色', '402881ec5c9a17f9015c9a1958310000', 'FUNCTION', null, null, null, 'admin', to_date('12-06-2017 15:47:12', 'dd-mm-yyyy hh24:mi:ss'), 'admin', to_date('16-06-2017 12:09:26', 'dd-mm-yyyy hh24:mi:ss'), null, 1, 0, null, null, null, null, null);
insert into XK_CAP_RESAUTH (id, party_id, party_type, res_id, res_type, tenant_id, res_state, party_scope, createuser, createtime, lastchangeuser, lastchangetime, memo, del_flag, datastatus, f1, f2, f3, f4, f5)
values ('402886175caf1387015caf176ca60004', '1', '角色', '402886175caf1387015caf146ee70000', 'FUNCTIONGROUP', null, null, null, 'admin', to_date('16-06-2017 12:09:26', 'dd-mm-yyyy hh24:mi:ss'), null, null, null, 0, 0, null, null, null, null, null);
insert into XK_CAP_RESAUTH (id, party_id, party_type, res_id, res_type, tenant_id, res_state, party_scope, createuser, createtime, lastchangeuser, lastchangetime, memo, del_flag, datastatus, f1, f2, f3, f4, f5)
values ('402886175caf1387015caf176cc50005', '1', '角色', '402886175caf1387015caf155b190001', 'FUNCTION', null, null, null, 'admin', to_date('16-06-2017 12:09:26', 'dd-mm-yyyy hh24:mi:ss'), null, null, null, 0, 0, null, null, null, null, null);
insert into XK_CAP_RESAUTH (id, party_id, party_type, res_id, res_type, tenant_id, res_state, party_scope, createuser, createtime, lastchangeuser, lastchangetime, memo, del_flag, datastatus, f1, f2, f3, f4, f5)
values ('402886175cbdd9ff015cbde888a10000', '402886175ca54c0d015ca59777010003', '角色', '402886175caf1387015caf146ee70000', 'FUNCTIONGROUP', null, null, null, 'admin', to_date('19-06-2017 09:12:32', 'dd-mm-yyyy hh24:mi:ss'), null, null, null, 0, 0, null, null, null, null, null);
insert into XK_CAP_RESAUTH (id, party_id, party_type, res_id, res_type, tenant_id, res_state, party_scope, createuser, createtime, lastchangeuser, lastchangetime, memo, del_flag, datastatus, f1, f2, f3, f4, f5)
values ('402886175cbdd9ff015cbde888d90001', '402886175ca54c0d015ca59777010003', '角色', '402886175caf1387015caf155b190001', 'FUNCTION', null, null, null, 'admin', to_date('19-06-2017 09:12:32', 'dd-mm-yyyy hh24:mi:ss'), null, null, null, 0, 0, null, null, null, null, null);
insert into XK_CAP_RESAUTH (id, party_id, party_type, res_id, res_type, tenant_id, res_state, party_scope, createuser, createtime, lastchangeuser, lastchangetime, memo, del_flag, datastatus, f1, f2, f3, f4, f5)
values ('402886175cbdd9ff015cbde889030002', '402886175ca54c0d015ca59777010003', '角色', '5', 'FUNCTIONGROUP', null, null, null, 'admin', to_date('19-06-2017 09:12:32', 'dd-mm-yyyy hh24:mi:ss'), null, null, null, 0, 0, null, null, null, null, null);
insert into XK_CAP_RESAUTH (id, party_id, party_type, res_id, res_type, tenant_id, res_state, party_scope, createuser, createtime, lastchangeuser, lastchangetime, memo, del_flag, datastatus, f1, f2, f3, f4, f5)
values ('402886175cbdd9ff015cbdf08c730004', '402886175ca54c0d015ca59777010003', '角色', 'reset_password', 'FUNCTION', null, null, null, 'admin', to_date('19-06-2017 09:21:17', 'dd-mm-yyyy hh24:mi:ss'), null, null, null, 0, 0, null, null, null, null, null);
insert into XK_CAP_RESAUTH (id, party_id, party_type, res_id, res_type, tenant_id, res_state, party_scope, createuser, createtime, lastchangeuser, lastchangetime, memo, del_flag, datastatus, f1, f2, f3, f4, f5)
values ('402886175cbdd9ff015cbdf08c810005', '402886175ca54c0d015ca59777010003', '角色', 'user_add', 'FUNCTION', null, null, null, 'admin', to_date('19-06-2017 09:21:17', 'dd-mm-yyyy hh24:mi:ss'), null, null, null, 0, 0, null, null, null, null, null);
insert into XK_CAP_RESAUTH (id, party_id, party_type, res_id, res_type, tenant_id, res_state, party_scope, createuser, createtime, lastchangeuser, lastchangetime, memo, del_flag, datastatus, f1, f2, f3, f4, f5)
values ('402886175cbdd9ff015cbdf08c8e0006', '402886175ca54c0d015ca59777010003', '角色', 'user_list', 'FUNCTION', null, null, null, 'admin', to_date('19-06-2017 09:21:17', 'dd-mm-yyyy hh24:mi:ss'), null, null, null, 0, 0, null, null, null, null, null);
insert into XK_CAP_RESAUTH (id, party_id, party_type, res_id, res_type, tenant_id, res_state, party_scope, createuser, createtime, lastchangeuser, lastchangetime, memo, del_flag, datastatus, f1, f2, f3, f4, f5)
values ('402886175cbdd9ff015cbdf08c9d0007', '402886175ca54c0d015ca59777010003', '角色', 'user_update', 'FUNCTION', null, null, null, 'admin', to_date('19-06-2017 09:21:17', 'dd-mm-yyyy hh24:mi:ss'), null, null, null, 0, 0, null, null, null, null, null);
insert into XK_CAP_RESAUTH (id, party_id, party_type, res_id, res_type, tenant_id, res_state, party_scope, createuser, createtime, lastchangeuser, lastchangetime, memo, del_flag, datastatus, f1, f2, f3, f4, f5)
values ('402886175cbdd9ff015cbe3f90660008', '402886175ca54c0d015ca59777010003', '角色', '402886175c9eeedb015c9f8fd3010001', 'MENU', null, null, null, 'admin', to_date('19-06-2017 10:47:35', 'dd-mm-yyyy hh24:mi:ss'), null, null, null, 0, 0, null, null, null, null, null);
insert into XK_CAP_RESAUTH (id, party_id, party_type, res_id, res_type, tenant_id, res_state, party_scope, createuser, createtime, lastchangeuser, lastchangetime, memo, del_flag, datastatus, f1, f2, f3, f4, f5)
values ('402886175cbf0e3b015cbf12a4060001', '402886175cbf0e3b015cbf11f21d0000', '角色', '6', 'FUNCTIONGROUP', null, null, null, 'admin', to_date('19-06-2017 14:38:08', 'dd-mm-yyyy hh24:mi:ss'), null, null, null, 0, 0, null, null, null, null, null);
insert into XK_CAP_RESAUTH (id, party_id, party_type, res_id, res_type, tenant_id, res_state, party_scope, createuser, createtime, lastchangeuser, lastchangetime, memo, del_flag, datastatus, f1, f2, f3, f4, f5)
values ('402886175cbf0e3b015cbf12a4230002', '402886175cbf0e3b015cbf11f21d0000', '角色', 'auth_graph', 'FUNCTION', null, null, null, 'admin', to_date('19-06-2017 14:38:08', 'dd-mm-yyyy hh24:mi:ss'), null, null, null, 0, 0, null, null, null, null, null);
insert into XK_CAP_RESAUTH (id, party_id, party_type, res_id, res_type, tenant_id, res_state, party_scope, createuser, createtime, lastchangeuser, lastchangetime, memo, del_flag, datastatus, f1, f2, f3, f4, f5)
values ('402886175cbf0e3b015cbf12a4420003', '402886175cbf0e3b015cbf11f21d0000', '角色', 'employee_add', 'FUNCTION', null, null, null, 'admin', to_date('19-06-2017 14:38:08', 'dd-mm-yyyy hh24:mi:ss'), null, null, null, 0, 0, null, null, null, null, null);
insert into XK_CAP_RESAUTH (id, party_id, party_type, res_id, res_type, tenant_id, res_state, party_scope, createuser, createtime, lastchangeuser, lastchangetime, memo, del_flag, datastatus, f1, f2, f3, f4, f5)
values ('402886175cbf0e3b015cbf12a4700004', '402886175cbf0e3b015cbf11f21d0000', '角色', 'employee_update', 'FUNCTION', null, null, null, 'admin', to_date('19-06-2017 14:38:09', 'dd-mm-yyyy hh24:mi:ss'), null, null, null, 0, 0, null, null, null, null, null);
insert into XK_CAP_RESAUTH (id, party_id, party_type, res_id, res_type, tenant_id, res_state, party_scope, createuser, createtime, lastchangeuser, lastchangetime, memo, del_flag, datastatus, f1, f2, f3, f4, f5)
values ('402886175cbf0e3b015cbf12a4910005', '402886175cbf0e3b015cbf11f21d0000', '角色', 'groupTree', 'FUNCTION', null, null, null, 'admin', to_date('19-06-2017 14:38:09', 'dd-mm-yyyy hh24:mi:ss'), null, null, null, 0, 0, null, null, null, null, null);
insert into XK_CAP_RESAUTH (id, party_id, party_type, res_id, res_type, tenant_id, res_state, party_scope, createuser, createtime, lastchangeuser, lastchangetime, memo, del_flag, datastatus, f1, f2, f3, f4, f5)
values ('402886175cbf0e3b015cbf12a4a90006', '402886175cbf0e3b015cbf11f21d0000', '角色', 'org_add', 'FUNCTION', null, null, null, 'admin', to_date('19-06-2017 14:38:09', 'dd-mm-yyyy hh24:mi:ss'), null, null, null, 0, 0, null, null, null, null, null);
insert into XK_CAP_RESAUTH (id, party_id, party_type, res_id, res_type, tenant_id, res_state, party_scope, createuser, createtime, lastchangeuser, lastchangetime, memo, del_flag, datastatus, f1, f2, f3, f4, f5)
values ('402886175cbf0e3b015cbf12a4c40007', '402886175cbf0e3b015cbf11f21d0000', '角色', 'org_tree', 'FUNCTION', null, null, null, 'admin', to_date('19-06-2017 14:38:09', 'dd-mm-yyyy hh24:mi:ss'), null, null, null, 0, 0, null, null, null, null, null);
insert into XK_CAP_RESAUTH (id, party_id, party_type, res_id, res_type, tenant_id, res_state, party_scope, createuser, createtime, lastchangeuser, lastchangetime, memo, del_flag, datastatus, f1, f2, f3, f4, f5)
values ('402886175cbf0e3b015cbf12a5070008', '402886175cbf0e3b015cbf11f21d0000', '角色', 'org_update', 'FUNCTION', null, null, null, 'admin', to_date('19-06-2017 14:38:09', 'dd-mm-yyyy hh24:mi:ss'), null, null, null, 0, 0, null, null, null, null, null);
insert into XK_CAP_RESAUTH (id, party_id, party_type, res_id, res_type, tenant_id, res_state, party_scope, createuser, createtime, lastchangeuser, lastchangetime, memo, del_flag, datastatus, f1, f2, f3, f4, f5)
values ('402886175cbf0e3b015cbf12a51e0009', '402886175cbf0e3b015cbf11f21d0000', '角色', 'party_auth', 'FUNCTION', null, null, null, 'admin', to_date('19-06-2017 14:38:09', 'dd-mm-yyyy hh24:mi:ss'), null, null, null, 0, 0, null, null, null, null, null);
insert into XK_CAP_RESAUTH (id, party_id, party_type, res_id, res_type, tenant_id, res_state, party_scope, createuser, createtime, lastchangeuser, lastchangetime, memo, del_flag, datastatus, f1, f2, f3, f4, f5)
values ('402886175cbf0e3b015cbf12a534000a', '402886175cbf0e3b015cbf11f21d0000', '角色', 'position_org_add', 'FUNCTION', null, null, null, 'admin', to_date('19-06-2017 14:38:09', 'dd-mm-yyyy hh24:mi:ss'), null, null, null, 0, 0, null, null, null, null, null);
insert into XK_CAP_RESAUTH (id, party_id, party_type, res_id, res_type, tenant_id, res_state, party_scope, createuser, createtime, lastchangeuser, lastchangetime, memo, del_flag, datastatus, f1, f2, f3, f4, f5)
values ('402886175cbf0e3b015cbf12a548000b', '402886175cbf0e3b015cbf11f21d0000', '角色', 'position_org_update', 'FUNCTION', null, null, null, 'admin', to_date('19-06-2017 14:38:09', 'dd-mm-yyyy hh24:mi:ss'), null, null, null, 0, 0, null, null, null, null, null);
insert into XK_CAP_RESAUTH (id, party_id, party_type, res_id, res_type, tenant_id, res_state, party_scope, createuser, createtime, lastchangeuser, lastchangetime, memo, del_flag, datastatus, f1, f2, f3, f4, f5)
values ('402886175cbf0e3b015cbf12a55b000c', '402886175cbf0e3b015cbf11f21d0000', '角色', '7', 'FUNCTIONGROUP', null, null, null, 'admin', to_date('19-06-2017 14:38:09', 'dd-mm-yyyy hh24:mi:ss'), null, null, null, 0, 0, null, null, null, null, null);
insert into XK_CAP_RESAUTH (id, party_id, party_type, res_id, res_type, tenant_id, res_state, party_scope, createuser, createtime, lastchangeuser, lastchangetime, memo, del_flag, datastatus, f1, f2, f3, f4, f5)
values ('402886175cbf0e3b015cbf12a570000d', '402886175cbf0e3b015cbf11f21d0000', '角色', 'my_process', 'FUNCTION', null, null, null, 'admin', to_date('19-06-2017 14:38:09', 'dd-mm-yyyy hh24:mi:ss'), null, null, null, 0, 0, null, null, null, null, null);
insert into XK_CAP_RESAUTH (id, party_id, party_type, res_id, res_type, tenant_id, res_state, party_scope, createuser, createtime, lastchangeuser, lastchangetime, memo, del_flag, datastatus, f1, f2, f3, f4, f5)
values ('402886175cbf0e3b015cbf12a582000e', '402886175cbf0e3b015cbf11f21d0000', '角色', 'my_task', 'FUNCTION', null, null, null, 'admin', to_date('19-06-2017 14:38:09', 'dd-mm-yyyy hh24:mi:ss'), null, null, null, 0, 0, null, null, null, null, null);
insert into XK_CAP_RESAUTH (id, party_id, party_type, res_id, res_type, tenant_id, res_state, party_scope, createuser, createtime, lastchangeuser, lastchangetime, memo, del_flag, datastatus, f1, f2, f3, f4, f5)
values ('402886175cbf0e3b015cbf12a593000f', '402886175cbf0e3b015cbf11f21d0000', '角色', 'query_agent', 'FUNCTION', null, null, null, 'admin', to_date('19-06-2017 14:38:09', 'dd-mm-yyyy hh24:mi:ss'), null, null, null, 0, 0, null, null, null, null, null);
insert into XK_CAP_RESAUTH (id, party_id, party_type, res_id, res_type, tenant_id, res_state, party_scope, createuser, createtime, lastchangeuser, lastchangetime, memo, del_flag, datastatus, f1, f2, f3, f4, f5)
values ('402886175cbf0e3b015cbf12a5a30010', '402886175cbf0e3b015cbf11f21d0000', '角色', 'set_agent', 'FUNCTION', null, null, null, 'admin', to_date('19-06-2017 14:38:09', 'dd-mm-yyyy hh24:mi:ss'), null, null, null, 0, 0, null, null, null, null, null);
insert into XK_CAP_RESAUTH (id, party_id, party_type, res_id, res_type, tenant_id, res_state, party_scope, createuser, createtime, lastchangeuser, lastchangetime, memo, del_flag, datastatus, f1, f2, f3, f4, f5)
values ('402886175cbf0e3b015cbf12a5ba0011', '402886175cbf0e3b015cbf11f21d0000', '角色', 'start_process', 'FUNCTION', null, null, null, 'admin', to_date('19-06-2017 14:38:09', 'dd-mm-yyyy hh24:mi:ss'), null, null, null, 0, 0, null, null, null, null, null);
commit;
prompt 128 records loaded
prompt Loading XK_CAP_USER...
insert into XK_CAP_USER (id, tenant_id, user_id, password, invaldate, user_name, status, authmode, unlocktime, menutype, lastlogin, errcount, startdate, enddate, validtime, maccode, ipaddress, email, del_flag, createuser, createtime, lastchangeuser, lastchangetime, memo, datastatus, f1, f2, f3, f4, f5)
values ('402886175cbf3403015cbf373ae40007', null, 'test2', '$2a$04$O0znofD8QlHLNLcjmq8Vf.yukTF90mttXFLwQI9li2e0iaoa8K/cy', null, 'test2', 0, null, null, null, null, 0, null, null, null, null, null, 'test2@qq.com', 0, 'admin', to_date('19-06-2017 15:18:06', 'dd-mm-yyyy hh24:mi:ss'), null, null, null, 0, null, null, null, null, null);
insert into XK_CAP_USER (id, tenant_id, user_id, password, invaldate, user_name, status, authmode, unlocktime, menutype, lastlogin, errcount, startdate, enddate, validtime, maccode, ipaddress, email, del_flag, createuser, createtime, lastchangeuser, lastchangetime, memo, datastatus, f1, f2, f3, f4, f5)
values ('402886175ccef9df015ccf02fd7c0000', null, 'test11', '$2a$04$F/2DdS5GpEN7z0DBX1aCkupI9dMLIEWoTfk8F1tDmjbX7UdFpt7D6', null, 'test11', 0, null, null, null, null, 0, null, null, null, null, null, 'test11@qq.com', 0, 'test', to_date('22-06-2017 16:54:58', 'dd-mm-yyyy hh24:mi:ss'), null, null, null, 0, null, null, null, null, null);
insert into XK_CAP_USER (id, tenant_id, user_id, password, invaldate, user_name, status, authmode, unlocktime, menutype, lastlogin, errcount, startdate, enddate, validtime, maccode, ipaddress, email, del_flag, createuser, createtime, lastchangeuser, lastchangetime, memo, datastatus, f1, f2, f3, f4, f5)
values ('1', null, 'sysadmin', '$2a$04$v.ZSnWedGXuHl6BkezaYHuZCqvKgqLJ4tph1/gNEpkNVqQkKqjn6O', null, '超级管理员', 1, '1', to_date('02-01-2017', 'dd-mm-yyyy'), null, null, 1, null, null, null, null, null, null, null, null, null, null, null, null, null, null, null, null, null, null);
insert into XK_CAP_USER (id, tenant_id, user_id, password, invaldate, user_name, status, authmode, unlocktime, menutype, lastlogin, errcount, startdate, enddate, validtime, maccode, ipaddress, email, del_flag, createuser, createtime, lastchangeuser, lastchangetime, memo, datastatus, f1, f2, f3, f4, f5)
values ('402886175cc8be88015cc8bfe2400000', null, 'test', '$2a$04$v.ZSnWedGXuHl6BkezaYHuZCqvKgqLJ4tph1/gNEpkNVqQkKqjn6O', null, 'test', 0, null, null, null, null, 0, null, null, null, null, null, 'test@qq.com', 0, 'admin', to_date('21-06-2017 11:43:57', 'dd-mm-yyyy hh24:mi:ss'), null, null, null, 0, null, null, null, null, null);
commit;
prompt 4 records loaded
prompt Loading XK_COMPANY_INFO...
insert into XK_COMPANY_INFO (id, tenant_id, company_name, sys_name, logo, tellphone, address, company_intro, skinid, email, del_flag, createuser, createtime, lastchangeuser, lastchangetime, memo, datastatus, f1, f2, f3, f4, f5)
values ('1', null, 'XKES', '123456', null, '123', '12312', '123213', null, '123123', 0, null, null, 'admin', to_date('16-06-2017 16:32:06', 'dd-mm-yyyy hh24:mi:ss'), null, 0, null, null, null, null, null);
commit;
prompt 1 records loaded
prompt Loading XK_DICT_TYPE...
insert into XK_DICT_TYPE (id, dicttypecode, dicttypename, rank, parentid, seqno, del_flag, datastatus, createtime, createuser, lastchangetime, lastchangeuser, memo, f1, f2, f3, f4, f5, appid)
values ('1', 'DATASTATUS', '状态', 0, null, null, 0, 0, to_date('17-05-2017 08:50:46', 'dd-mm-yyyy hh24:mi:ss'), 'admin', null, null, null, null, null, null, null, null, null);
insert into XK_DICT_TYPE (id, dicttypecode, dicttypename, rank, parentid, seqno, del_flag, datastatus, createtime, createuser, lastchangetime, lastchangeuser, memo, f1, f2, f3, f4, f5, appid)
values ('2', 'AUTHMODE', '授权模式', 0, null, null, 0, 0, to_date('17-05-2017 08:58:11', 'dd-mm-yyyy hh24:mi:ss'), 'admin', null, null, null, null, null, null, null, null, null);
insert into XK_DICT_TYPE (id, dicttypecode, dicttypename, rank, parentid, seqno, del_flag, datastatus, createtime, createuser, lastchangetime, lastchangeuser, memo, f1, f2, f3, f4, f5, appid)
values ('402881f15c144d70015c144d92420000', 'LEVEL', '等级', 0, null, null, 0, 0, to_date('17-05-2017 10:47:27', 'dd-mm-yyyy hh24:mi:ss'), null, null, null, null, null, null, null, null, null, null);
insert into XK_DICT_TYPE (id, dicttypecode, dicttypename, rank, parentid, seqno, del_flag, datastatus, createtime, createuser, lastchangetime, lastchangeuser, memo, f1, f2, f3, f4, f5, appid)
values ('402881f15c2e0aea015c2e0b0e2d0000', 'WORKGROUPSTATUS', '工作组状态', 0, null, null, 0, 0, to_date('22-05-2017 10:44:55', 'dd-mm-yyyy hh24:mi:ss'), null, null, null, null, null, null, null, null, null, null);
insert into XK_DICT_TYPE (id, dicttypecode, dicttypename, rank, parentid, seqno, del_flag, datastatus, createtime, createuser, lastchangetime, lastchangeuser, memo, f1, f2, f3, f4, f5, appid)
values ('402881f15c2e0cef015c2e0d12630000', 'ORGTYPE', '机构类型', 0, null, null, 0, 0, to_date('22-05-2017 10:47:07', 'dd-mm-yyyy hh24:mi:ss'), null, null, null, null, null, null, null, null, null, null);
insert into XK_DICT_TYPE (id, dicttypecode, dicttypename, rank, parentid, seqno, del_flag, datastatus, createtime, createuser, lastchangetime, lastchangeuser, memo, f1, f2, f3, f4, f5, appid)
values ('402886175c32cbcc015c331967aa000c', 'YESNO', '是否', 0, null, null, 0, 0, to_date('23-05-2017 10:18:41', 'dd-mm-yyyy hh24:mi:ss'), 'admin', null, null, null, null, null, null, null, null, null);
insert into XK_DICT_TYPE (id, dicttypecode, dicttypename, rank, parentid, seqno, del_flag, datastatus, createtime, createuser, lastchangetime, lastchangeuser, memo, f1, f2, f3, f4, f5, appid)
values ('402886175c5d374d015c5d43fa800000', 'FUNCTTYPE', '功能类型', 0, null, null, 0, 0, to_date('31-05-2017 14:49:15', 'dd-mm-yyyy hh24:mi:ss'), 'admin', null, null, null, null, null, null, null, null, null);
insert into XK_DICT_TYPE (id, dicttypecode, dicttypename, rank, parentid, seqno, del_flag, datastatus, createtime, createuser, lastchangetime, lastchangeuser, memo, f1, f2, f3, f4, f5, appid)
values ('402886cd5c1ad33d015c1ad41e870000', 'MENUTYPE', '菜单类型', 0, null, null, 0, 0, to_date('18-05-2017 17:12:08', 'dd-mm-yyyy hh24:mi:ss'), 'admin', null, null, null, null, null, null, null, null, null);
insert into XK_DICT_TYPE (id, dicttypecode, dicttypename, rank, parentid, seqno, del_flag, datastatus, createtime, createuser, lastchangetime, lastchangeuser, memo, f1, f2, f3, f4, f5, appid)
values ('402886cd5c1ad33d015c1ad857710003', 'PARTYTYPE', '参与者类型', 0, null, null, 0, 0, to_date('18-05-2017 17:16:44', 'dd-mm-yyyy hh24:mi:ss'), 'admin', null, null, null, null, null, null, null, null, null);
insert into XK_DICT_TYPE (id, dicttypecode, dicttypename, rank, parentid, seqno, del_flag, datastatus, createtime, createuser, lastchangetime, lastchangeuser, memo, f1, f2, f3, f4, f5, appid)
values ('402886cd5c1eb27a015c1eb5d7600001', 'ROLETYPE', '角色类型', 0, null, null, 0, 0, to_date('19-05-2017 11:17:32', 'dd-mm-yyyy hh24:mi:ss'), 'admin', null, null, null, null, null, null, null, null, null);
insert into XK_DICT_TYPE (id, dicttypecode, dicttypename, rank, parentid, seqno, del_flag, datastatus, createtime, createuser, lastchangetime, lastchangeuser, memo, f1, f2, f3, f4, f5, appid)
values ('402886cd5c1ec2b2015c1f085b04000e', 'USERTYPE', '用户类型', 0, null, null, 0, 0, to_date('19-05-2017 12:47:40', 'dd-mm-yyyy hh24:mi:ss'), 'admin', null, null, null, null, null, null, null, null, null);
insert into XK_DICT_TYPE (id, dicttypecode, dicttypename, rank, parentid, seqno, del_flag, datastatus, createtime, createuser, lastchangetime, lastchangeuser, memo, f1, f2, f3, f4, f5, appid)
values ('402886cd5c1ec2b2015c1f085b04001e', 'DEFAULTVALUE', '默认值', 0, null, null, 0, 0, to_date('19-05-2017 12:47:40', 'dd-mm-yyyy hh24:mi:ss'), 'admin', null, null, null, null, null, null, null, null, null);
insert into XK_DICT_TYPE (id, dicttypecode, dicttypename, rank, parentid, seqno, del_flag, datastatus, createtime, createuser, lastchangetime, lastchangeuser, memo, f1, f2, f3, f4, f5, appid)
values ('4028fc685c153b56015c153b75e80000', 'GENDER', '性别', 0, null, null, 0, 0, to_date('17-05-2017 15:07:17', 'dd-mm-yyyy hh24:mi:ss'), null, null, null, null, null, null, null, null, null, null);
insert into XK_DICT_TYPE (id, dicttypecode, dicttypename, rank, parentid, seqno, del_flag, datastatus, createtime, createuser, lastchangetime, lastchangeuser, memo, f1, f2, f3, f4, f5, appid)
values ('4028fc685c153c4e015c153c6e940000', 'EMPSTATUS', '员工状态', 0, null, null, 0, 0, to_date('17-05-2017 15:08:21', 'dd-mm-yyyy hh24:mi:ss'), null, null, null, null, null, null, null, null, null, null);
insert into XK_DICT_TYPE (id, dicttypecode, dicttypename, rank, parentid, seqno, del_flag, datastatus, createtime, createuser, lastchangetime, lastchangeuser, memo, f1, f2, f3, f4, f5, appid)
values ('4028fc685c153da5015c153dc6930000', 'ORGSTATUS', '机构状态', 0, null, null, 0, 0, to_date('17-05-2017 15:09:49', 'dd-mm-yyyy hh24:mi:ss'), null, null, null, null, null, null, null, null, null, null);
insert into XK_DICT_TYPE (id, dicttypecode, dicttypename, rank, parentid, seqno, del_flag, datastatus, createtime, createuser, lastchangetime, lastchangeuser, memo, f1, f2, f3, f4, f5, appid)
values ('4028fc685c155233015c155252800000', 'POSITIONTYPE', '岗位类型', 0, null, null, 0, 0, to_date('17-05-2017 15:32:15', 'dd-mm-yyyy hh24:mi:ss'), null, null, null, null, null, null, null, null, null, null);
insert into XK_DICT_TYPE (id, dicttypecode, dicttypename, rank, parentid, seqno, del_flag, datastatus, createtime, createuser, lastchangetime, lastchangeuser, memo, f1, f2, f3, f4, f5, appid)
values ('4028fc685c1fe446015c1fe4696b0000', 'WORKGROUPTYPE', '工作组类型', 0, null, null, 0, 0, to_date('19-05-2017 16:48:01', 'dd-mm-yyyy hh24:mi:ss'), null, null, null, null, null, null, null, null, null, null);
commit;
prompt 17 records loaded
prompt Loading XK_DICT_ENTRY...
insert into XK_DICT_ENTRY (id, dicttypeid, dictcode, dictname, dictvalue, status, sortno, rank, parentid, seqno, del_flag, datastatus, createuser, createtime, lastchangeuser, lastchangetime, memo, f1, f2, f3, f4, f5)
values ('1', '1', '1', '正常', '正常', 0, 1, 0, null, null, 0, 0, null, null, null, null, null, null, null, null, null, null);
insert into XK_DICT_ENTRY (id, dicttypeid, dictcode, dictname, dictvalue, status, sortno, rank, parentid, seqno, del_flag, datastatus, createuser, createtime, lastchangeuser, lastchangetime, memo, f1, f2, f3, f4, f5)
values ('2', '1', '2', '冻结', '冻结', 0, 2, 0, null, null, 0, 0, null, null, null, null, null, null, null, null, null, null);
insert into XK_DICT_ENTRY (id, dicttypeid, dictcode, dictname, dictvalue, status, sortno, rank, parentid, seqno, del_flag, datastatus, createuser, createtime, lastchangeuser, lastchangetime, memo, f1, f2, f3, f4, f5)
values ('3', '1', '3', '授权', '授权', 0, 3, 0, null, null, 0, 0, null, null, null, null, null, null, null, null, null, null);
insert into XK_DICT_ENTRY (id, dicttypeid, dictcode, dictname, dictvalue, status, sortno, rank, parentid, seqno, del_flag, datastatus, createuser, createtime, lastchangeuser, lastchangetime, memo, f1, f2, f3, f4, f5)
values ('4', '2', '4', '授权码模式', '授权码模式', 0, 4, 0, null, null, 0, 0, null, null, null, null, null, null, null, null, null, null);
insert into XK_DICT_ENTRY (id, dicttypeid, dictcode, dictname, dictvalue, status, sortno, rank, parentid, seqno, del_flag, datastatus, createuser, createtime, lastchangeuser, lastchangetime, memo, f1, f2, f3, f4, f5)
values ('402881f15c145674015c145695ed0000', '402881f15c144d70015c144d92420000', 'Level1001', '一级', 'l1', 0, 0, 0, null, null, 0, 0, null, to_date('17-05-2017 10:57:17', 'dd-mm-yyyy hh24:mi:ss'), null, null, null, null, null, null, null, null);
insert into XK_DICT_ENTRY (id, dicttypeid, dictcode, dictname, dictvalue, status, sortno, rank, parentid, seqno, del_flag, datastatus, createuser, createtime, lastchangeuser, lastchangetime, memo, f1, f2, f3, f4, f5)
values ('402881f15c145720015c1457405e0000', '402881f15c144d70015c144d92420000', 'Level1002', '二级', 'l2', 0, 0, 0, null, null, 0, 0, null, to_date('17-05-2017 10:58:01', 'dd-mm-yyyy hh24:mi:ss'), null, null, null, null, null, null, null, null);
insert into XK_DICT_ENTRY (id, dicttypeid, dictcode, dictname, dictvalue, status, sortno, rank, parentid, seqno, del_flag, datastatus, createuser, createtime, lastchangeuser, lastchangetime, memo, f1, f2, f3, f4, f5)
values ('402881f15c2e0e96015c2e0eb9ce0000', '402881f15c2e0cef015c2e0d12630000', 'COMPANY', '总公司', 'Internet', 0, 1, 0, null, null, 0, 0, null, to_date('22-05-2017 10:48:56', 'dd-mm-yyyy hh24:mi:ss'), 'sysadmin', to_date('23-06-2017 15:50:46', 'dd-mm-yyyy hh24:mi:ss'), null, null, null, null, null, null);
insert into XK_DICT_ENTRY (id, dicttypeid, dictcode, dictname, dictvalue, status, sortno, rank, parentid, seqno, del_flag, datastatus, createuser, createtime, lastchangeuser, lastchangetime, memo, f1, f2, f3, f4, f5)
values ('402886175c32cbcc015c33199391000d', '402886175c32cbcc015c331967aa000c', '0', '是', null, 0, 1, 0, null, null, 0, 0, 'admin', to_date('23-05-2017 10:18:53', 'dd-mm-yyyy hh24:mi:ss'), null, null, null, null, null, null, null, null);
insert into XK_DICT_ENTRY (id, dicttypeid, dictcode, dictname, dictvalue, status, sortno, rank, parentid, seqno, del_flag, datastatus, createuser, createtime, lastchangeuser, lastchangetime, memo, f1, f2, f3, f4, f5)
values ('402886175c32cbcc015c3319d7a7000e', '402886175c32cbcc015c331967aa000c', '1', '否', null, 0, 2, 0, null, null, 0, 0, 'admin', to_date('23-05-2017 10:19:10', 'dd-mm-yyyy hh24:mi:ss'), null, null, null, null, null, null, null, null);
insert into XK_DICT_ENTRY (id, dicttypeid, dictcode, dictname, dictvalue, status, sortno, rank, parentid, seqno, del_flag, datastatus, createuser, createtime, lastchangeuser, lastchangetime, memo, f1, f2, f3, f4, f5)
values ('402886175c4266da015c427bef200003', '4028fc685c153da5015c153dc6930000', '0', '正常', null, 0, 1, 0, null, null, 0, 0, 'admin', to_date('26-05-2017 10:00:37', 'dd-mm-yyyy hh24:mi:ss'), null, null, null, null, null, null, null, null);
insert into XK_DICT_ENTRY (id, dicttypeid, dictcode, dictname, dictvalue, status, sortno, rank, parentid, seqno, del_flag, datastatus, createuser, createtime, lastchangeuser, lastchangetime, memo, f1, f2, f3, f4, f5)
values ('402886175c4266da015c4280ee050004', '402881f15c2e0aea015c2e0b0e2d0000', '0', '正常', null, 0, 1, 0, null, null, 0, 0, 'admin', to_date('26-05-2017 10:06:04', 'dd-mm-yyyy hh24:mi:ss'), null, null, null, null, null, null, null, null);
insert into XK_DICT_ENTRY (id, dicttypeid, dictcode, dictname, dictvalue, status, sortno, rank, parentid, seqno, del_flag, datastatus, createuser, createtime, lastchangeuser, lastchangetime, memo, f1, f2, f3, f4, f5)
values ('402886175c5d374d015c5d443b1f0001', '402886175c5d374d015c5d43fa800000', 'PAGEVIEW', '页面视图', null, 0, 1, 0, null, null, 0, 0, 'admin', to_date('31-05-2017 14:49:31', 'dd-mm-yyyy hh24:mi:ss'), 'sysadmin', to_date('23-06-2017 15:47:48', 'dd-mm-yyyy hh24:mi:ss'), null, null, null, null, null, null);
insert into XK_DICT_ENTRY (id, dicttypeid, dictcode, dictname, dictvalue, status, sortno, rank, parentid, seqno, del_flag, datastatus, createuser, createtime, lastchangeuser, lastchangetime, memo, f1, f2, f3, f4, f5)
values ('402886175cd3ce2c015cd3ecd8350004', '402886175c5d374d015c5d43fa800000', 'FUNCTBUTTON', '功能按钮', null, 0, 2, 0, null, null, 0, 0, 'sysadmin', to_date('23-06-2017 15:48:53', 'dd-mm-yyyy hh24:mi:ss'), null, null, null, null, null, null, null, null);
insert into XK_DICT_ENTRY (id, dicttypeid, dictcode, dictname, dictvalue, status, sortno, rank, parentid, seqno, del_flag, datastatus, createuser, createtime, lastchangeuser, lastchangetime, memo, f1, f2, f3, f4, f5)
values ('402886175cd3ce2c015cd3ed19fc0005', '402886175c5d374d015c5d43fa800000', 'WORKPROCESS', '工作流', null, 0, 3, 0, null, null, 0, 0, 'sysadmin', to_date('23-06-2017 15:49:10', 'dd-mm-yyyy hh24:mi:ss'), null, null, null, null, null, null, null, null);
insert into XK_DICT_ENTRY (id, dicttypeid, dictcode, dictname, dictvalue, status, sortno, rank, parentid, seqno, del_flag, datastatus, createuser, createtime, lastchangeuser, lastchangetime, memo, f1, f2, f3, f4, f5)
values ('402886175cd3ce2c015cd3eed1280006', '402881f15c2e0cef015c2e0d12630000', 'SUB_COMPANY', '分公司', null, 0, 2, 0, null, null, 0, 0, 'sysadmin', to_date('23-06-2017 15:51:02', 'dd-mm-yyyy hh24:mi:ss'), 'sysadmin', to_date('23-06-2017 15:52:12', 'dd-mm-yyyy hh24:mi:ss'), null, null, null, null, null, null);
insert into XK_DICT_ENTRY (id, dicttypeid, dictcode, dictname, dictvalue, status, sortno, rank, parentid, seqno, del_flag, datastatus, createuser, createtime, lastchangeuser, lastchangetime, memo, f1, f2, f3, f4, f5)
values ('402886175cd3ce2c015cd3ef30120007', '402881f15c2e0cef015c2e0d12630000', 'DEPT', '总公司部门', null, 0, 3, 0, null, null, 0, 0, 'sysadmin', to_date('23-06-2017 15:51:26', 'dd-mm-yyyy hh24:mi:ss'), null, null, null, null, null, null, null, null);
insert into XK_DICT_ENTRY (id, dicttypeid, dictcode, dictname, dictvalue, status, sortno, rank, parentid, seqno, del_flag, datastatus, createuser, createtime, lastchangeuser, lastchangetime, memo, f1, f2, f3, f4, f5)
values ('402886175cd3ce2c015cd3ef8c930008', '402881f15c2e0cef015c2e0d12630000', 'SUB_DEPT', '分公司部门', null, 0, 4, 0, null, null, 0, 0, 'sysadmin', to_date('23-06-2017 15:51:50', 'dd-mm-yyyy hh24:mi:ss'), null, null, null, null, null, null, null, null);
insert into XK_DICT_ENTRY (id, dicttypeid, dictcode, dictname, dictvalue, status, sortno, rank, parentid, seqno, del_flag, datastatus, createuser, createtime, lastchangeuser, lastchangetime, memo, f1, f2, f3, f4, f5)
values ('402886175cd3ce2c015cd3f0b4f20009', '402881f15c2e0aea015c2e0b0e2d0000', '1', '停用', null, 0, 2, 0, null, null, 0, 0, 'sysadmin', to_date('23-06-2017 15:53:06', 'dd-mm-yyyy hh24:mi:ss'), null, null, null, null, null, null, null, null);
insert into XK_DICT_ENTRY (id, dicttypeid, dictcode, dictname, dictvalue, status, sortno, rank, parentid, seqno, del_flag, datastatus, createuser, createtime, lastchangeuser, lastchangetime, memo, f1, f2, f3, f4, f5)
values ('402886175cd3ce2c015cd3f0ec66000a', '402881f15c2e0aea015c2e0b0e2d0000', '2', '注销', null, 0, 2, 0, null, null, 0, 0, 'sysadmin', to_date('23-06-2017 15:53:20', 'dd-mm-yyyy hh24:mi:ss'), null, null, null, null, null, null, null, null);
insert into XK_DICT_ENTRY (id, dicttypeid, dictcode, dictname, dictvalue, status, sortno, rank, parentid, seqno, del_flag, datastatus, createuser, createtime, lastchangeuser, lastchangetime, memo, f1, f2, f3, f4, f5)
values ('402886175cd3ce2c015cd3f374b9000b', '402886cd5c1ad33d015c1ad857710003', 'EMP', '员工', null, 0, 2, 0, null, null, 0, 0, 'sysadmin', to_date('23-06-2017 15:56:06', 'dd-mm-yyyy hh24:mi:ss'), null, null, null, null, null, null, null, null);
insert into XK_DICT_ENTRY (id, dicttypeid, dictcode, dictname, dictvalue, status, sortno, rank, parentid, seqno, del_flag, datastatus, createuser, createtime, lastchangeuser, lastchangetime, memo, f1, f2, f3, f4, f5)
values ('402886175cd3ce2c015cd3f3b3a9000c', '402886cd5c1ad33d015c1ad857710003', 'ORG', '组织机构', null, 0, 3, 0, null, null, 0, 0, 'sysadmin', to_date('23-06-2017 15:56:22', 'dd-mm-yyyy hh24:mi:ss'), null, null, null, null, null, null, null, null);
insert into XK_DICT_ENTRY (id, dicttypeid, dictcode, dictname, dictvalue, status, sortno, rank, parentid, seqno, del_flag, datastatus, createuser, createtime, lastchangeuser, lastchangetime, memo, f1, f2, f3, f4, f5)
values ('402886175cd3ce2c015cd3f3f8ec000d', '402886cd5c1ad33d015c1ad857710003', 'POSI', '岗位', null, 0, 4, 0, null, null, 0, 0, 'sysadmin', to_date('23-06-2017 15:56:40', 'dd-mm-yyyy hh24:mi:ss'), null, null, null, null, null, null, null, null);
insert into XK_DICT_ENTRY (id, dicttypeid, dictcode, dictname, dictvalue, status, sortno, rank, parentid, seqno, del_flag, datastatus, createuser, createtime, lastchangeuser, lastchangetime, memo, f1, f2, f3, f4, f5)
values ('402886175cd3ce2c015cd3f441d1000e', '402886cd5c1ad33d015c1ad857710003', 'WORKGROUP', '工作组', null, 0, 5, 0, null, null, 0, 0, 'sysadmin', to_date('23-06-2017 15:56:59', 'dd-mm-yyyy hh24:mi:ss'), null, null, null, null, null, null, null, null);
insert into XK_DICT_ENTRY (id, dicttypeid, dictcode, dictname, dictvalue, status, sortno, rank, parentid, seqno, del_flag, datastatus, createuser, createtime, lastchangeuser, lastchangetime, memo, f1, f2, f3, f4, f5)
values ('402886175cd3ce2c015cd3f63c1f000f', '4028fc685c155233015c155252800000', 'SALE', '销售岗位', null, 0, 2, 0, null, null, 0, 0, 'sysadmin', to_date('23-06-2017 15:59:08', 'dd-mm-yyyy hh24:mi:ss'), null, null, null, null, null, null, null, null);
insert into XK_DICT_ENTRY (id, dicttypeid, dictcode, dictname, dictvalue, status, sortno, rank, parentid, seqno, del_flag, datastatus, createuser, createtime, lastchangeuser, lastchangetime, memo, f1, f2, f3, f4, f5)
values ('402886cd5c191cbd015c1922d1380000', '1', '4', '注销', '注销', 0, 4, 0, null, null, 0, 0, 'admin', to_date('18-05-2017 09:18:51', 'dd-mm-yyyy hh24:mi:ss'), null, null, null, null, null, null, null, null);
insert into XK_DICT_ENTRY (id, dicttypeid, dictcode, dictname, dictvalue, status, sortno, rank, parentid, seqno, del_flag, datastatus, createuser, createtime, lastchangeuser, lastchangetime, memo, f1, f2, f3, f4, f5)
values ('402886cd5c1ad33d015c1ad6702a0001', '402886cd5c1ad33d015c1ad41e870000', '1', 'BLUE', null, 0, 1, 0, null, null, 0, 0, 'admin', to_date('18-05-2017 17:14:40', 'dd-mm-yyyy hh24:mi:ss'), null, null, null, null, null, null, null, null);
insert into XK_DICT_ENTRY (id, dicttypeid, dictcode, dictname, dictvalue, status, sortno, rank, parentid, seqno, del_flag, datastatus, createuser, createtime, lastchangeuser, lastchangetime, memo, f1, f2, f3, f4, f5)
values ('402886cd5c1ad33d015c1ad69ea80002', '402886cd5c1ad33d015c1ad41e870000', '2', 'Yellow', null, 0, 2, 0, null, null, 0, 0, 'admin', to_date('18-05-2017 17:14:51', 'dd-mm-yyyy hh24:mi:ss'), null, null, null, null, null, null, null, null);
insert into XK_DICT_ENTRY (id, dicttypeid, dictcode, dictname, dictvalue, status, sortno, rank, parentid, seqno, del_flag, datastatus, createuser, createtime, lastchangeuser, lastchangetime, memo, f1, f2, f3, f4, f5)
values ('402886cd5c1ad33d015c1ad888520004', '402886cd5c1ad33d015c1ad857710003', 'USER', '用户', null, 0, 1, 0, null, null, 0, 0, 'admin', to_date('18-05-2017 17:16:57', 'dd-mm-yyyy hh24:mi:ss'), 'sysadmin', to_date('23-06-2017 15:55:54', 'dd-mm-yyyy hh24:mi:ss'), null, null, null, null, null, null);
insert into XK_DICT_ENTRY (id, dicttypeid, dictcode, dictname, dictvalue, status, sortno, rank, parentid, seqno, del_flag, datastatus, createuser, createtime, lastchangeuser, lastchangetime, memo, f1, f2, f3, f4, f5)
values ('402886cd5c1eb27a015c1eb605400002', '402886cd5c1eb27a015c1eb5d7600001', '1', 'ROLE', null, 0, 1, 0, null, null, 0, 0, 'admin', to_date('19-05-2017 11:17:44', 'dd-mm-yyyy hh24:mi:ss'), null, null, null, null, null, null, null, null);
insert into XK_DICT_ENTRY (id, dicttypeid, dictcode, dictname, dictvalue, status, sortno, rank, parentid, seqno, del_flag, datastatus, createuser, createtime, lastchangeuser, lastchangetime, memo, f1, f2, f3, f4, f5)
values ('402886cd5c1ec2b2015c1f08ab30000f', '402886cd5c1ec2b2015c1f085b04000e', '1', 'USER', null, 0, 2, 0, null, null, 0, 0, 'admin', to_date('19-05-2017 12:48:00', 'dd-mm-yyyy hh24:mi:ss'), null, null, null, null, null, null, null, null);
insert into XK_DICT_ENTRY (id, dicttypeid, dictcode, dictname, dictvalue, status, sortno, rank, parentid, seqno, del_flag, datastatus, createuser, createtime, lastchangeuser, lastchangetime, memo, f1, f2, f3, f4, f5)
values ('4028fc685c153ede015c153effbf0000', '4028fc685c153b56015c153b75e80000', '0', '男', 'M', 0, 1, 0, null, null, 0, 0, null, to_date('17-05-2017 15:11:09', 'dd-mm-yyyy hh24:mi:ss'), 'sysadmin', to_date('23-06-2017 16:03:01', 'dd-mm-yyyy hh24:mi:ss'), null, null, null, null, null, null);
insert into XK_DICT_ENTRY (id, dicttypeid, dictcode, dictname, dictvalue, status, sortno, rank, parentid, seqno, del_flag, datastatus, createuser, createtime, lastchangeuser, lastchangetime, memo, f1, f2, f3, f4, f5)
values ('4028fc685c153f5d015c153f7ef30000', '4028fc685c153b56015c153b75e80000', '1', '女', 'W', 0, 2, 0, null, null, 0, 0, null, to_date('17-05-2017 15:11:41', 'dd-mm-yyyy hh24:mi:ss'), 'sysadmin', to_date('23-06-2017 16:03:39', 'dd-mm-yyyy hh24:mi:ss'), null, null, null, null, null, null);
insert into XK_DICT_ENTRY (id, dicttypeid, dictcode, dictname, dictvalue, status, sortno, rank, parentid, seqno, del_flag, datastatus, createuser, createtime, lastchangeuser, lastchangetime, memo, f1, f2, f3, f4, f5)
values ('4028fc685c153fdd015c1540024e0000', '4028fc685c153b56015c153b75e80000', '2', '保密', 'unknow', 0, 3, 0, null, null, 0, 0, null, to_date('17-05-2017 15:12:15', 'dd-mm-yyyy hh24:mi:ss'), 'sysadmin', to_date('23-06-2017 16:03:45', 'dd-mm-yyyy hh24:mi:ss'), null, null, null, null, null, null);
insert into XK_DICT_ENTRY (id, dicttypeid, dictcode, dictname, dictvalue, status, sortno, rank, parentid, seqno, del_flag, datastatus, createuser, createtime, lastchangeuser, lastchangetime, memo, f1, f2, f3, f4, f5)
values ('4028fc685c154230015c154252060000', '4028fc685c153c4e015c153c6e940000', '0', '入职', 'work', 0, 0, 0, null, null, 0, 0, null, to_date('17-05-2017 15:14:46', 'dd-mm-yyyy hh24:mi:ss'), 'admin', to_date('24-05-2017 10:59:47', 'dd-mm-yyyy hh24:mi:ss'), null, null, null, null, null, null);
insert into XK_DICT_ENTRY (id, dicttypeid, dictcode, dictname, dictvalue, status, sortno, rank, parentid, seqno, del_flag, datastatus, createuser, createtime, lastchangeuser, lastchangetime, memo, f1, f2, f3, f4, f5)
values ('4028fc685c1542f1015c1543136f0000', '4028fc685c153c4e015c153c6e940000', '1', '离职', 'resign', 0, 0, 0, null, null, 0, 0, null, to_date('17-05-2017 15:15:36', 'dd-mm-yyyy hh24:mi:ss'), 'admin', to_date('24-05-2017 10:59:59', 'dd-mm-yyyy hh24:mi:ss'), null, null, null, null, null, null);
insert into XK_DICT_ENTRY (id, dicttypeid, dictcode, dictname, dictvalue, status, sortno, rank, parentid, seqno, del_flag, datastatus, createuser, createtime, lastchangeuser, lastchangetime, memo, f1, f2, f3, f4, f5)
values ('4028fc685c1543b0015c1543d1b50000', '4028fc685c153c4e015c153c6e940000', '2', '暂无岗位', 'no_position', 0, 0, 0, null, null, 0, 0, null, to_date('17-05-2017 15:16:25', 'dd-mm-yyyy hh24:mi:ss'), 'admin', to_date('24-05-2017 11:04:36', 'dd-mm-yyyy hh24:mi:ss'), null, null, null, null, null, null);
insert into XK_DICT_ENTRY (id, dicttypeid, dictcode, dictname, dictvalue, status, sortno, rank, parentid, seqno, del_flag, datastatus, createuser, createtime, lastchangeuser, lastchangetime, memo, f1, f2, f3, f4, f5)
values ('4028fc685c155478015c15549c820000', '4028fc685c155233015c155252800000', 'TECH', '技术岗位', 'backer', 0, 1, 0, null, null, 0, 0, null, to_date('17-05-2017 15:34:45', 'dd-mm-yyyy hh24:mi:ss'), 'sysadmin', to_date('23-06-2017 15:59:16', 'dd-mm-yyyy hh24:mi:ss'), null, null, null, null, null, null);
insert into XK_DICT_ENTRY (id, dicttypeid, dictcode, dictname, dictvalue, status, sortno, rank, parentid, seqno, del_flag, datastatus, createuser, createtime, lastchangeuser, lastchangetime, memo, f1, f2, f3, f4, f5)
values ('4028fc685c1557d8015c1557f8590000', '4028fc685c155233015c155252800000', 'HR', '行政/HR岗位', 'stager', 0, 6, 0, null, null, 0, 0, null, to_date('17-05-2017 15:38:25', 'dd-mm-yyyy hh24:mi:ss'), 'sysadmin', to_date('23-06-2017 16:01:58', 'dd-mm-yyyy hh24:mi:ss'), null, null, null, null, null, null);
insert into XK_DICT_ENTRY (id, dicttypeid, dictcode, dictname, dictvalue, status, sortno, rank, parentid, seqno, del_flag, datastatus, createuser, createtime, lastchangeuser, lastchangetime, memo, f1, f2, f3, f4, f5)
values ('4028fc685c1557d8015c1557f8e60001', '4028fc685c155233015c155252800000', 'DESIGN', '设计岗位', 'power', 0, 5, 0, null, null, 0, 0, null, to_date('17-05-2017 15:38:25', 'dd-mm-yyyy hh24:mi:ss'), 'sysadmin', to_date('23-06-2017 16:00:52', 'dd-mm-yyyy hh24:mi:ss'), null, null, null, null, null, null);
insert into XK_DICT_ENTRY (id, dicttypeid, dictcode, dictname, dictvalue, status, sortno, rank, parentid, seqno, del_flag, datastatus, createuser, createtime, lastchangeuser, lastchangetime, memo, f1, f2, f3, f4, f5)
values ('4028fc685c15589d015c1558bf1d0000', '4028fc685c155233015c155252800000', 'FINANCE', '财务岗位', 'UIDESIGNER', 0, 4, 0, null, null, 0, 0, null, to_date('17-05-2017 15:39:16', 'dd-mm-yyyy hh24:mi:ss'), 'sysadmin', to_date('23-06-2017 16:00:35', 'dd-mm-yyyy hh24:mi:ss'), null, null, null, null, null, null);
insert into XK_DICT_ENTRY (id, dicttypeid, dictcode, dictname, dictvalue, status, sortno, rank, parentid, seqno, del_flag, datastatus, createuser, createtime, lastchangeuser, lastchangetime, memo, f1, f2, f3, f4, f5)
values ('4028fc685c155bda015c155bfb660000', '4028fc685c155233015c155252800000', 'MANAGER', '管理岗位', 'tester', 0, 3, 0, null, null, 0, 0, null, to_date('17-05-2017 15:42:48', 'dd-mm-yyyy hh24:mi:ss'), 'sysadmin', to_date('23-06-2017 15:59:36', 'dd-mm-yyyy hh24:mi:ss'), null, null, null, null, null, null);
insert into XK_DICT_ENTRY (id, dicttypeid, dictcode, dictname, dictvalue, status, sortno, rank, parentid, seqno, del_flag, datastatus, createuser, createtime, lastchangeuser, lastchangetime, memo, f1, f2, f3, f4, f5)
values ('4028fc685c1fe8b9015c1fe8dde20000', '4028fc685c1fe446015c1fe4696b0000', 'Workgroup1001', '总公司', 'Head Office', 0, 0, 0, null, null, 0, 0, null, to_date('19-05-2017 16:52:53', 'dd-mm-yyyy hh24:mi:ss'), null, null, null, null, null, null, null, null);
insert into XK_DICT_ENTRY (id, dicttypeid, dictcode, dictname, dictvalue, status, sortno, rank, parentid, seqno, del_flag, datastatus, createuser, createtime, lastchangeuser, lastchangetime, memo, f1, f2, f3, f4, f5)
values ('4028fc685c1fe983015c1fe9a7cb0000', '4028fc685c1fe446015c1fe4696b0000', 'Workgroup1002', '分公司', 'Branch Office', 0, 0, 0, null, null, 0, 0, null, to_date('19-05-2017 16:53:45', 'dd-mm-yyyy hh24:mi:ss'), null, null, null, null, null, null, null, null);
insert into XK_DICT_ENTRY (id, dicttypeid, dictcode, dictname, dictvalue, status, sortno, rank, parentid, seqno, del_flag, datastatus, createuser, createtime, lastchangeuser, lastchangetime, memo, f1, f2, f3, f4, f5)
values ('5', '2', '5', '简化模式', '简化模式', 0, 5, 0, null, null, 0, 0, null, null, null, null, null, null, null, null, null, null);
insert into XK_DICT_ENTRY (id, dicttypeid, dictcode, dictname, dictvalue, status, sortno, rank, parentid, seqno, del_flag, datastatus, createuser, createtime, lastchangeuser, lastchangetime, memo, f1, f2, f3, f4, f5)
values ('6', '2', '6', '密码模式', '密码模式', 0, 6, 0, null, null, 0, 0, null, null, null, null, null, null, null, null, null, null);
insert into XK_DICT_ENTRY (id, dicttypeid, dictcode, dictname, dictvalue, status, sortno, rank, parentid, seqno, del_flag, datastatus, createuser, createtime, lastchangeuser, lastchangetime, memo, f1, f2, f3, f4, f5)
values ('7', '2', '7', '客户端模式', '客户端模式', 0, 7, 0, null, null, 0, 0, null, null, null, null, null, null, null, null, null, null);
insert into XK_DICT_ENTRY (id, dicttypeid, dictcode, dictname, dictvalue, status, sortno, rank, parentid, seqno, del_flag, datastatus, createuser, createtime, lastchangeuser, lastchangetime, memo, f1, f2, f3, f4, f5)
values ('8', '402886cd5c1ec2b2015c1f085b04001e', '1', '默认值', null, 0, 1, 0, null, null, 0, 0, null, null, 'sysadmin', to_date('23-06-2017 15:54:33', 'dd-mm-yyyy hh24:mi:ss'), null, null, null, null, null, null);
commit;
prompt 47 records loaded
prompt Loading XK_ORG_EMPLOYEE...
insert into XK_ORG_EMPLOYEE (id, empcode, operatorid, userid, empname, realname, gender, birthdate, position_id, empstatus, cardtype, cardno, indate, outdate, otel, oaddress, ozipcode, oemail, faxno, mobileno, qq, htel, haddress, hzipcode, pemail, party, school, degree, marjor, specialty, manager, manage_roles, org_id_list, workd_exp, regdate, tenant_id, app_id, weibo, orgid, del_flag, datastatus, createuser, createtime, lastchangeuser, lastchangetime, memo, f1, f2, f3, f4, f5)
values ('402886175ca54c0d015ca5a9e64a0005', 'YG001', null, '402886175cc8be88015cc8bfe2400000', '高阳', '高阳', 'Gender1001', null, null, null, null, null, null, null, null, null, null, null, null, null, null, null, null, null, null, null, null, null, null, null, null, '402886175ca54c0d015ca59777010003:用户管理员,402886175cbf0e3b015cbf11f21d0000:测试角色', '402886175c9eeedb015c9f8fd3010001:武汉总公司,402881ec5ca03fd4015ca04a22a90000:湖南总公司', null, null, null, null, null, '402886175c9eeedb015c9f8fd3010001', 0, 0, 'admin', to_date('14-06-2017 16:13:14', 'dd-mm-yyyy hh24:mi:ss'), 'admin', to_date('21-06-2017 11:43:57', 'dd-mm-yyyy hh24:mi:ss'), null, null, null, null, null, null);
insert into XK_ORG_EMPLOYEE (id, empcode, operatorid, userid, empname, realname, gender, birthdate, position_id, empstatus, cardtype, cardno, indate, outdate, otel, oaddress, ozipcode, oemail, faxno, mobileno, qq, htel, haddress, hzipcode, pemail, party, school, degree, marjor, specialty, manager, manage_roles, org_id_list, workd_exp, regdate, tenant_id, app_id, weibo, orgid, del_flag, datastatus, createuser, createtime, lastchangeuser, lastchangetime, memo, f1, f2, f3, f4, f5)
values ('402886175ccef9df015ccf02fdac0001', 'YG008', null, '402886175ccef9df015ccf02fd7c0000', '马云', '马云', 'Gender1001', null, null, null, null, null, null, null, null, null, null, null, null, null, null, null, null, null, null, null, null, null, null, null, null, '402886175ca54c0d015ca59777010003:用户管理员', '402886175ca54c0d015ca58695fd0002:技术部', null, null, null, null, null, '402886175ca54c0d015ca58695fd0002', 0, 0, 'test', to_date('22-06-2017 16:54:58', 'dd-mm-yyyy hh24:mi:ss'), null, null, null, null, null, null, null, null);
commit;
prompt 2 records loaded
prompt Loading XK_ORG_ORGANIZATION...
insert into XK_ORG_ORGANIZATION (id, orgno, orgcode, orgname, orglevel, orgdegree, orgseq, orgtype, orgaddr, zipcode, manaposition, managerid, orgmanger, linkman, linktel, email, weburl, startdate, enddate, status, area, sortno, app_id, parentorgid, isleaf, subcount, tenant_id, del_flag, createuser, createtime, lastchangeuser, lastchangetime, memo, datastatus, f1, f2, f3, f4, f5)
values ('402886175c9eeedb015c9f8fd3010001', null, 'WHC001', '武汉总公司', null, null, null, 'OrgType001', null, null, null, null, null, null, null, null, null, null, null, null, null, 0, null, '0', null, null, null, 0, 'admin', to_date('13-06-2017 11:47:02', 'dd-mm-yyyy hh24:mi:ss'), null, null, null, 0, null, null, null, null, null);
insert into XK_ORG_ORGANIZATION (id, orgno, orgcode, orgname, orglevel, orgdegree, orgseq, orgtype, orgaddr, zipcode, manaposition, managerid, orgmanger, linkman, linktel, email, weburl, startdate, enddate, status, area, sortno, app_id, parentorgid, isleaf, subcount, tenant_id, del_flag, createuser, createtime, lastchangeuser, lastchangetime, memo, datastatus, f1, f2, f3, f4, f5)
values ('402886175ca54c0d015ca58695fd0002', null, 'WHCTECH001', '技术部', null, null, null, null, null, null, null, null, null, null, null, null, null, null, null, null, null, 0, null, '402886175c9eeedb015c9f8fd3010001', null, null, null, 0, 'admin', to_date('14-06-2017 15:34:39', 'dd-mm-yyyy hh24:mi:ss'), null, null, null, 0, null, null, null, null, null);
insert into XK_ORG_ORGANIZATION (id, orgno, orgcode, orgname, orglevel, orgdegree, orgseq, orgtype, orgaddr, zipcode, manaposition, managerid, orgmanger, linkman, linktel, email, weburl, startdate, enddate, status, area, sortno, app_id, parentorgid, isleaf, subcount, tenant_id, del_flag, createuser, createtime, lastchangeuser, lastchangetime, memo, datastatus, f1, f2, f3, f4, f5)
values ('402881ec5ca03fd4015ca04a22a90000', null, 'HNC001', '湖南总公司', 1, 'Level1001', null, 'OrgType001', null, null, null, null, null, null, null, null, null, null, null, 0, null, 0, null, '0', null, null, null, 0, 'admin', to_date('13-06-2017 15:10:32', 'dd-mm-yyyy hh24:mi:ss'), null, null, null, 0, null, null, null, null, null);
commit;
prompt 3 records loaded
prompt Loading XK_ORG_EMPORG...
insert into XK_ORG_EMPORG (id, orgid, empid, ismain, tenant_id, app_id, del_flag, createuser, createtime, lastchangeuser, lastchangetime, memo, datastatus, f1, f2, f3, f4, f5)
values ('402886175ca54c0d015ca5a9e6730006', '402886175c9eeedb015c9f8fd3010001', '402886175ca54c0d015ca5a9e64a0005', null, null, null, 0, 'admin', to_date('14-06-2017 16:13:14', 'dd-mm-yyyy hh24:mi:ss'), null, null, null, 0, null, null, null, null, null);
insert into XK_ORG_EMPORG (id, orgid, empid, ismain, tenant_id, app_id, del_flag, createuser, createtime, lastchangeuser, lastchangetime, memo, datastatus, f1, f2, f3, f4, f5)
values ('402886175ccef9df015ccf02fdc30002', '402886175ca54c0d015ca58695fd0002', '402886175ccef9df015ccf02fdac0001', null, null, null, 0, 'test', to_date('22-06-2017 16:54:58', 'dd-mm-yyyy hh24:mi:ss'), null, null, null, 0, null, null, null, null, null);
commit;
prompt 2 records loaded
prompt Loading XK_ORG_POSIOTION...
prompt Table is empty
prompt Loading XK_ORG_EMPPOSITION...
prompt Table is empty
prompt Loading XK_ORG_GROUP...
prompt Table is empty
prompt Enabling foreign key constraints for XK_APP_FUNCTION...
alter table XK_APP_FUNCTION enable constraint FK_XK_APP_F_FK_FUNGRO_XK_APP_F;
prompt Enabling foreign key constraints for XK_APP_MENU...
alter table XK_APP_MENU enable constraint FK_XK_APP_M_FK_FUNCAT_XK_APP_F;
prompt Enabling foreign key constraints for XK_CAP_PARTYAUTH...
alter table XK_CAP_PARTYAUTH enable constraint FK_XK_CAP_P_FK_ROLE_I_XK_CAP_R;
prompt Enabling foreign key constraints for XK_DICT_ENTRY...
alter table XK_DICT_ENTRY enable constraint FK_XK_DICT__FK_DICT_T_XK_DICT_;
prompt Enabling foreign key constraints for XK_ORG_EMPORG...
alter table XK_ORG_EMPORG enable constraint FK_XK_ORG_E_FK_ORG_ID_XK_ORG_O;
alter table XK_ORG_EMPORG enable constraint FK_XK_ORG_E_FK_USER_I_XK_ORG_E;
prompt Enabling foreign key constraints for XK_ORG_POSIOTION...
alter table XK_ORG_POSIOTION enable constraint FK_XK_ORG_P_FK_ORG_ID_XK_ORG_O;
prompt Enabling foreign key constraints for XK_ORG_EMPPOSITION...
alter table XK_ORG_EMPPOSITION enable constraint FK_XK_ORG_E_FK_EMP_ID_XK_ORG_E;
alter table XK_ORG_EMPPOSITION enable constraint FK_XK_ORG_E_FK_POSI_I_XK_ORG_P;
set feedback on
set define on
prompt Done.
